Unnamed: 0,pokedex_number,name,generation,legendary,type 1,type 2,hp,attack,defense,sp_attack,sp_defense,speed,Total
0,1,Bulbasaur,1,0,Grass,Poison,45.0,49.0,49.0,65.0,65.0,45.0,318.0
1,2,Ivysaur,1,0,Grass,Poison,60.0,62.0,63.0,80.0,80.0,60.0,405.0
2,3,Venusaur,1,0,Grass,Poison,80.0,82.0,83.0,100.0,100.0,80.0,525.0
3,3,Mega Venusaur,1,0,Grass,Poison,80.0,100.0,123.0,122.0,120.0,80.0,625.0
4,4,Charmander,1,0,Fire,,39.0,52.0,43.0,60.0,50.0,65.0,309.0
5,5,Charmeleon,1,0,Fire,,58.0,64.0,58.0,80.0,65.0,80.0,405.0
6,6,Charizard,1,0,Fire,Flying,78.0,84.0,78.0,109.0,85.0,100.0,534.0
7,6,Mega Charizard X,1,0,Fire,Dragon,78.0,130.0,111.0,130.0,85.0,100.0,634.0
8,6,Mega Charizard Y,1,0,Fire,Flying,78.0,104.0,78.0,159.0,115.0,100.0,634.0
9,7,Squirtle,1,0,Water,,44.0,48.0,65.0,50.0,64.0,43.0,314.0
10,8,Wartortle,1,0,Water,,59.0,63.0,80.0,65.0,80.0,58.0,405.0
11,9,Blastoise,1,0,Water,,79.0,83.0,100.0,85.0,105.0,78.0,530.0
12,9,Mega Blastoise,1,0,Water,,79.0,103.0,120.0,135.0,115.0,78.0,630.0
13,10,Caterpie,1,0,Bug,,45.0,30.0,35.0,20.0,20.0,45.0,195.0
14,11,Metapod,1,0,Bug,,50.0,20.0,55.0,25.0,25.0,30.0,205.0
15,12,Butterfree,1,0,Bug,Flying,60.0,45.0,50.0,90.0,80.0,70.0,395.0
16,13,Weedle,1,0,Bug,Poison,40.0,35.0,30.0,20.0,20.0,50.0,195.0
17,14,Kakuna,1,0,Bug,Poison,45.0,25.0,50.0,25.0,25.0,35.0,205.0
18,15,Beedrill,1,0,Bug,Poison,65.0,90.0,40.0,45.0,80.0,75.0,395.0
19,15,Mega Beedrill,1,0,Bug,Poison,65.0,150.0,40.0,15.0,80.0,145.0,495.0
20,16,Pidgey,1,0,Normal,Flying,40.0,45.0,40.0,35.0,35.0,56.0,251.0
21,17,Pidgeotto,1,0,Normal,Flying,63.0,60.0,55.0,50.0,50.0,71.0,349.0
22,18,Pidgeot,1,0,Normal,Flying,83.0,80.0,75.0,70.0,70.0,101.0,479.0
23,18,Mega Pidgeot,1,0,Normal,Flying,83.0,80.0,80.0,135.0,80.0,121.0,579.0
24,19,Rattata,1,0,Normal,,30.0,56.0,35.0,25.0,35.0,72.0,253.0
25,19,Alolan Rattata,1,0,Dark,Normal,30.0,56.0,35.0,25.0,35.0,72.0,253.0
26,20,Raticate,1,0,Normal,,55.0,81.0,60.0,50.0,70.0,97.0,413.0
27,20,Alolan Raticate,1,0,Dark,Normal,75.0,71.0,70.0,40.0,80.0,77.0,413.0
28,21,Spearow,1,0,Normal,Flying,40.0,60.0,30.0,31.0,31.0,70.0,262.0
29,22,Fearow,1,0,Normal,Flying,65.0,90.0,65.0,61.0,61.0,100.0,442.0
30,23,Ekans,1,0,Poison,,35.0,60.0,44.0,40.0,54.0,55.0,288.0
31,24,Arbok,1,0,Poison,,60.0,95.0,69.0,65.0,79.0,80.0,448.0
32,25,Pikachu,1,0,Electric,,35.0,55.0,40.0,50.0,50.0,90.0,320.0
33,25,Partner Pikachu,1,0,Electric,,45.0,80.0,50.0,75.0,60.0,120.0,430.0
34,26,Raichu,1,0,Electric,,60.0,90.0,55.0,90.0,80.0,110.0,485.0
35,26,Alolan Raichu,1,0,Electric,Psychic,60.0,85.0,50.0,95.0,85.0,110.0,485.0
36,27,Sandshrew,1,0,Ground,,50.0,75.0,85.0,20.0,30.0,40.0,300.0
37,27,Alolan Sandshrew,1,0,Ice,Steel,50.0,75.0,90.0,10.0,35.0,40.0,300.0
38,28,Sandslash,1,0,Ground,,75.0,100.0,110.0,45.0,55.0,65.0,450.0
39,28,Alolan Sandslash,1,0,Ice,Steel,75.0,100.0,120.0,25.0,65.0,65.0,450.0
40,29,Nidoran♀,1,0,Poison,,55.0,47.0,52.0,40.0,40.0,41.0,275.0
41,30,Nidorina,1,0,Poison,,70.0,62.0,67.0,55.0,55.0,56.0,365.0
42,31,Nidoqueen,1,0,Poison,Ground,90.0,92.0,87.0,75.0,85.0,76.0,505.0
43,32,Nidoran♂,1,0,Poison,,46.0,57.0,40.0,40.0,40.0,50.0,273.0
44,33,Nidorino,1,0,Poison,,61.0,72.0,57.0,55.0,55.0,65.0,365.0
45,34,Nidoking,1,0,Poison,Ground,81.0,102.0,77.0,85.0,75.0,85.0,505.0
46,35,Clefairy,1,0,Fairy,,70.0,45.0,48.0,60.0,65.0,35.0,323.0
47,36,Clefable,1,0,Fairy,,95.0,70.0,73.0,95.0,90.0,60.0,483.0
48,37,Vulpix,1,0,Fire,,38.0,41.0,40.0,50.0,65.0,65.0,299.0
49,37,Alolan Vulpix,1,0,Ice,,38.0,41.0,40.0,50.0,65.0,65.0,299.0
50,38,Ninetales,1,0,Fire,,73.0,76.0,75.0,81.0,100.0,100.0,505.0
51,38,Alolan Ninetales,1,0,Ice,Fairy,73.0,67.0,75.0,81.0,100.0,109.0,505.0
52,39,Jigglypuff,1,0,Normal,Fairy,115.0,45.0,20.0,45.0,25.0,20.0,270.0
53,40,Wigglytuff,1,0,Normal,Fairy,140.0,70.0,45.0,85.0,50.0,45.0,435.0
54,41,Zubat,1,0,Poison,Flying,40.0,45.0,35.0,30.0,40.0,55.0,245.0
55,42,Golbat,1,0,Poison,Flying,75.0,80.0,70.0,65.0,75.0,90.0,455.0
56,43,Oddish,1,0,Grass,Poison,45.0,50.0,55.0,75.0,65.0,30.0,320.0
57,44,Gloom,1,0,Grass,Poison,60.0,65.0,70.0,85.0,75.0,40.0,395.0
58,45,Vileplume,1,0,Grass,Poison,75.0,80.0,85.0,110.0,90.0,50.0,490.0
59,46,Paras,1,0,Bug,Grass,35.0,70.0,55.0,45.0,55.0,25.0,285.0
60,47,Parasect,1,0,Bug,Grass,60.0,95.0,80.0,60.0,80.0,30.0,405.0
61,48,Venonat,1,0,Bug,Poison,60.0,55.0,50.0,40.0,55.0,45.0,305.0
62,49,Venomoth,1,0,Bug,Poison,70.0,65.0,60.0,90.0,75.0,90.0,450.0
63,50,Diglett,1,0,Ground,,10.0,55.0,25.0,35.0,45.0,95.0,265.0
64,50,Alolan Diglett,1,0,Ground,Steel,10.0,55.0,30.0,35.0,45.0,90.0,265.0
65,51,Dugtrio,1,0,Ground,,35.0,100.0,50.0,50.0,70.0,120.0,425.0
66,51,Alolan Dugtrio,1,0,Ground,Steel,35.0,100.0,60.0,50.0,70.0,110.0,425.0
67,52,Meowth,1,0,Normal,,40.0,45.0,35.0,40.0,40.0,90.0,290.0
68,52,Alolan Meowth,1,0,Dark,,40.0,35.0,35.0,50.0,40.0,90.0,290.0
69,52,Galarian Meowth,1,0,Steel,,50.0,65.0,55.0,40.0,40.0,40.0,290.0
70,53,Persian,1,0,Normal,,65.0,70.0,60.0,65.0,65.0,115.0,440.0
71,53,Alolan Persian,1,0,Dark,,65.0,60.0,60.0,75.0,65.0,115.0,440.0
72,54,Psyduck,1,0,Water,,50.0,52.0,48.0,65.0,50.0,55.0,320.0
73,55,Golduck,1,0,Water,,80.0,82.0,78.0,95.0,80.0,85.0,500.0
74,56,Mankey,1,0,Fighting,,40.0,80.0,35.0,35.0,45.0,70.0,305.0
75,57,Primeape,1,0,Fighting,,65.0,105.0,60.0,60.0,70.0,95.0,455.0
76,58,Growlithe,1,0,Fire,,55.0,70.0,45.0,70.0,50.0,60.0,350.0
77,59,Arcanine,1,0,Fire,,90.0,110.0,80.0,100.0,80.0,95.0,555.0
78,60,Poliwag,1,0,Water,,40.0,50.0,40.0,40.0,40.0,90.0,300.0
79,61,Poliwhirl,1,0,Water,,65.0,65.0,65.0,50.0,50.0,90.0,385.0
80,62,Poliwrath,1,0,Water,Fighting,90.0,95.0,95.0,70.0,90.0,70.0,510.0
81,63,Abra,1,0,Psychic,,25.0,20.0,15.0,105.0,55.0,90.0,310.0
82,64,Kadabra,1,0,Psychic,,40.0,35.0,30.0,120.0,70.0,105.0,400.0
83,65,Alakazam,1,0,Psychic,,55.0,50.0,45.0,135.0,95.0,120.0,500.0
84,65,Mega Alakazam,1,0,Psychic,,55.0,50.0,65.0,175.0,105.0,150.0,600.0
85,66,Machop,1,0,Fighting,,70.0,80.0,50.0,35.0,35.0,35.0,305.0
86,67,Machoke,1,0,Fighting,,80.0,100.0,70.0,50.0,60.0,45.0,405.0
87,68,Machamp,1,0,Fighting,,90.0,130.0,80.0,65.0,85.0,55.0,505.0
88,69,Bellsprout,1,0,Grass,Poison,50.0,75.0,35.0,70.0,30.0,40.0,300.0
89,70,Weepinbell,1,0,Grass,Poison,65.0,90.0,50.0,85.0,45.0,55.0,390.0
90,71,Victreebel,1,0,Grass,Poison,80.0,105.0,65.0,100.0,70.0,70.0,490.0
91,72,Tentacool,1,0,Water,Poison,40.0,40.0,35.0,50.0,100.0,70.0,335.0
92,73,Tentacruel,1,0,Water,Poison,80.0,70.0,65.0,80.0,120.0,100.0,515.0
93,74,Geodude,1,0,Rock,Ground,40.0,80.0,100.0,30.0,30.0,20.0,300.0
94,74,Alolan Geodude,1,0,Rock,Electric,40.0,80.0,100.0,30.0,30.0,20.0,300.0
95,75,Graveler,1,0,Rock,Ground,55.0,95.0,115.0,45.0,45.0,35.0,390.0
96,75,Alolan Graveler,1,0,Rock,Electric,55.0,95.0,115.0,45.0,45.0,35.0,390.0
97,76,Golem,1,0,Rock,Ground,80.0,120.0,130.0,55.0,65.0,45.0,495.0
98,76,Alolan Golem,1,0,Rock,Electric,80.0,120.0,130.0,55.0,65.0,45.0,495.0
99,77,Ponyta,1,0,Fire,,50.0,85.0,55.0,65.0,65.0,90.0,410.0
100,77,Galarian Ponyta,1,0,Psychic,,50.0,85.0,55.0,65.0,65.0,90.0,410.0
101,78,Rapidash,1,0,Fire,,65.0,100.0,70.0,80.0,80.0,105.0,500.0
102,78,Galarian Rapidash,1,0,Psychic,Fairy,65.0,100.0,70.0,80.0,80.0,105.0,500.0
103,79,Slowpoke,1,0,Water,Psychic,90.0,65.0,65.0,40.0,40.0,15.0,315.0
104,80,Slowbro,1,0,Water,Psychic,95.0,75.0,110.0,100.0,80.0,30.0,490.0
105,80,Mega Slowbro,1,0,Water,Psychic,95.0,75.0,180.0,130.0,80.0,30.0,590.0
106,81,Magnemite,1,0,Electric,Steel,25.0,35.0,70.0,95.0,55.0,45.0,325.0
107,82,Magneton,1,0,Electric,Steel,50.0,60.0,95.0,120.0,70.0,70.0,465.0
108,83,Farfetch'd,1,0,Normal,Flying,52.0,90.0,55.0,58.0,62.0,60.0,377.0
109,83,Galarian Farfetch'd,1,0,Fighting,,52.0,95.0,55.0,58.0,62.0,55.0,377.0
110,84,Doduo,1,0,Normal,Flying,35.0,85.0,45.0,35.0,35.0,75.0,310.0
111,85,Dodrio,1,0,Normal,Flying,60.0,110.0,70.0,60.0,60.0,110.0,470.0
112,86,Seel,1,0,Water,,65.0,45.0,55.0,45.0,70.0,45.0,325.0
113,87,Dewgong,1,0,Water,Ice,90.0,70.0,80.0,70.0,95.0,70.0,475.0
114,88,Grimer,1,0,Poison,,80.0,80.0,50.0,40.0,50.0,25.0,325.0
115,88,Alolan Grimer,1,0,Poison,Dark,80.0,80.0,50.0,40.0,50.0,25.0,325.0
116,89,Muk,1,0,Poison,,105.0,105.0,75.0,65.0,100.0,50.0,500.0
117,89,Alolan Muk,1,0,Poison,Dark,105.0,105.0,75.0,65.0,100.0,50.0,500.0
118,90,Shellder,1,0,Water,,30.0,65.0,100.0,45.0,25.0,40.0,305.0
119,91,Cloyster,1,0,Water,Ice,50.0,95.0,180.0,85.0,45.0,70.0,525.0
120,92,Gastly,1,0,Ghost,Poison,30.0,35.0,30.0,100.0,35.0,80.0,310.0
121,93,Haunter,1,0,Ghost,Poison,45.0,50.0,45.0,115.0,55.0,95.0,405.0
122,94,Gengar,1,0,Ghost,Poison,60.0,65.0,60.0,130.0,75.0,110.0,500.0
123,94,Mega Gengar,1,0,Ghost,Poison,60.0,65.0,80.0,170.0,95.0,130.0,600.0
124,95,Onix,1,0,Rock,Ground,35.0,45.0,160.0,30.0,45.0,70.0,385.0
125,96,Drowzee,1,0,Psychic,,60.0,48.0,45.0,43.0,90.0,42.0,328.0
126,97,Hypno,1,0,Psychic,,85.0,73.0,70.0,73.0,115.0,67.0,483.0
127,98,Krabby,1,0,Water,,30.0,105.0,90.0,25.0,25.0,50.0,325.0
128,99,Kingler,1,0,Water,,55.0,130.0,115.0,50.0,50.0,75.0,475.0
129,100,Voltorb,1,0,Electric,,40.0,30.0,50.0,55.0,55.0,100.0,330.0
130,101,Electrode,1,0,Electric,,60.0,50.0,70.0,80.0,80.0,150.0,490.0
131,102,Exeggcute,1,0,Grass,Psychic,60.0,40.0,80.0,60.0,45.0,40.0,325.0
132,103,Exeggutor,1,0,Grass,Psychic,95.0,95.0,85.0,125.0,75.0,55.0,530.0
133,103,Alolan Exeggutor,1,0,Grass,Dragon,95.0,105.0,85.0,125.0,75.0,45.0,530.0
134,104,Cubone,1,0,Ground,,50.0,50.0,95.0,40.0,50.0,35.0,320.0
135,105,Marowak,1,0,Ground,,60.0,80.0,110.0,50.0,80.0,45.0,425.0
136,105,Alolan Marowak,1,0,Fire,Ghost,60.0,80.0,110.0,50.0,80.0,45.0,425.0
137,106,Hitmonlee,1,0,Fighting,,50.0,120.0,53.0,35.0,110.0,87.0,455.0
138,107,Hitmonchan,1,0,Fighting,,50.0,105.0,79.0,35.0,110.0,76.0,455.0
139,108,Lickitung,1,0,Normal,,90.0,55.0,75.0,60.0,75.0,30.0,385.0
140,109,Koffing,1,0,Poison,,40.0,65.0,95.0,60.0,45.0,35.0,340.0
141,110,Weezing,1,0,Poison,,65.0,90.0,120.0,85.0,70.0,60.0,490.0
142,110,Galarian Weezing,1,0,Poison,Fairy,65.0,90.0,120.0,85.0,70.0,60.0,490.0
143,111,Rhyhorn,1,0,Ground,Rock,80.0,85.0,95.0,30.0,30.0,25.0,345.0
144,112,Rhydon,1,0,Ground,Rock,105.0,130.0,120.0,45.0,45.0,40.0,485.0
145,113,Chansey,1,0,Normal,,250.0,5.0,5.0,35.0,105.0,50.0,450.0
146,114,Tangela,1,0,Grass,,65.0,55.0,115.0,100.0,40.0,60.0,435.0
147,115,Kangaskhan,1,0,Normal,,105.0,95.0,80.0,40.0,80.0,90.0,490.0
148,115,Mega Kangaskhan,1,0,Normal,,105.0,125.0,100.0,60.0,100.0,100.0,590.0
149,116,Horsea,1,0,Water,,30.0,40.0,70.0,70.0,25.0,60.0,295.0
150,117,Seadra,1,0,Water,,55.0,65.0,95.0,95.0,45.0,85.0,440.0
151,118,Goldeen,1,0,Water,,45.0,67.0,60.0,35.0,50.0,63.0,320.0
152,119,Seaking,1,0,Water,,80.0,92.0,65.0,65.0,80.0,68.0,450.0
153,120,Staryu,1,0,Water,,30.0,45.0,55.0,70.0,55.0,85.0,340.0
154,121,Starmie,1,0,Water,Psychic,60.0,75.0,85.0,100.0,85.0,115.0,520.0
155,122,Mr. Mime,1,0,Psychic,Fairy,40.0,45.0,65.0,100.0,120.0,90.0,460.0
156,122,Galarian Mr. Mime,1,0,Psychic,Ice,50.0,65.0,65.0,90.0,90.0,100.0,460.0
157,123,Scyther,1,0,Bug,Flying,70.0,110.0,80.0,55.0,80.0,105.0,500.0
158,124,Jynx,1,0,Ice,Psychic,65.0,50.0,35.0,115.0,95.0,95.0,455.0
159,125,Electabuzz,1,0,Electric,,65.0,83.0,57.0,95.0,85.0,105.0,490.0
160,126,Magmar,1,0,Fire,,65.0,95.0,57.0,100.0,85.0,93.0,495.0
161,127,Pinsir,1,0,Bug,,65.0,125.0,100.0,55.0,70.0,85.0,500.0
162,127,Mega Pinsir,1,0,Bug,Flying,65.0,155.0,120.0,65.0,90.0,105.0,600.0
163,128,Tauros,1,0,Normal,,75.0,100.0,95.0,40.0,70.0,110.0,490.0
164,129,Magikarp,1,0,Water,,20.0,10.0,55.0,15.0,20.0,80.0,200.0
165,130,Gyarados,1,0,Water,Flying,95.0,125.0,79.0,60.0,100.0,81.0,540.0
166,130,Mega Gyarados,1,0,Water,Dark,95.0,155.0,109.0,70.0,130.0,81.0,640.0
167,131,Lapras,1,0,Water,Ice,130.0,85.0,80.0,85.0,95.0,60.0,535.0
168,132,Ditto,1,0,Normal,,48.0,48.0,48.0,48.0,48.0,48.0,288.0
169,133,Eevee,1,0,Normal,,55.0,55.0,50.0,45.0,65.0,55.0,325.0
170,133,Partner Eevee,1,0,Normal,,65.0,75.0,70.0,65.0,85.0,75.0,435.0
171,134,Vaporeon,1,0,Water,,130.0,65.0,60.0,110.0,95.0,65.0,525.0
172,135,Jolteon,1,0,Electric,,65.0,65.0,60.0,110.0,95.0,130.0,525.0
173,136,Flareon,1,0,Fire,,65.0,130.0,60.0,95.0,110.0,65.0,525.0
174,137,Porygon,1,0,Normal,,65.0,60.0,70.0,85.0,75.0,40.0,395.0
175,138,Omanyte,1,0,Rock,Water,35.0,40.0,100.0,90.0,55.0,35.0,355.0
176,139,Omastar,1,0,Rock,Water,70.0,60.0,125.0,115.0,70.0,55.0,495.0
177,140,Kabuto,1,0,Rock,Water,30.0,80.0,90.0,55.0,45.0,55.0,355.0
178,141,Kabutops,1,0,Rock,Water,60.0,115.0,105.0,65.0,70.0,80.0,495.0
179,142,Aerodactyl,1,0,Rock,Flying,80.0,105.0,65.0,60.0,75.0,130.0,515.0
180,142,Mega Aerodactyl,1,0,Rock,Flying,80.0,135.0,85.0,70.0,95.0,150.0,615.0
181,143,Snorlax,1,0,Normal,,160.0,110.0,65.0,65.0,110.0,30.0,540.0
182,144,Articuno,1,0,Ice,Flying,90.0,85.0,100.0,95.0,125.0,85.0,580.0
183,145,Zapdos,1,0,Electric,Flying,90.0,90.0,85.0,125.0,90.0,100.0,580.0
184,146,Moltres,1,0,Fire,Flying,90.0,100.0,90.0,125.0,85.0,90.0,580.0
185,147,Dratini,1,0,Dragon,,41.0,64.0,45.0,50.0,50.0,50.0,300.0
186,148,Dragonair,1,0,Dragon,,61.0,84.0,65.0,70.0,70.0,70.0,420.0
187,149,Dragonite,1,0,Dragon,Flying,91.0,134.0,95.0,100.0,100.0,80.0,600.0
188,150,Mewtwo,1,1,Psychic,,106.0,110.0,90.0,154.0,90.0,130.0,680.0
189,150,Mega Mewtwo X,1,1,Psychic,Fighting,106.0,190.0,100.0,154.0,100.0,130.0,780.0
190,150,Mega Mewtwo Y,1,1,Psychic,,106.0,150.0,70.0,194.0,120.0,140.0,780.0
191,151,Mew,1,0,Psychic,,100.0,100.0,100.0,100.0,100.0,100.0,600.0
192,152,Chikorita,2,0,Grass,,45.0,49.0,65.0,49.0,65.0,45.0,318.0
193,153,Bayleef,2,0,Grass,,60.0,62.0,80.0,63.0,80.0,60.0,405.0
194,154,Meganium,2,0,Grass,,80.0,82.0,100.0,83.0,100.0,80.0,525.0
195,155,Cyndaquil,2,0,Fire,,39.0,52.0,43.0,60.0,50.0,65.0,309.0
196,156,Quilava,2,0,Fire,,58.0,64.0,58.0,80.0,65.0,80.0,405.0
197,157,Typhlosion,2,0,Fire,,78.0,84.0,78.0,109.0,85.0,100.0,534.0
198,158,Totodile,2,0,Water,,50.0,65.0,64.0,44.0,48.0,43.0,314.0
199,159,Croconaw,2,0,Water,,65.0,80.0,80.0,59.0,63.0,58.0,405.0
200,160,Feraligatr,2,0,Water,,85.0,105.0,100.0,79.0,83.0,78.0,530.0
201,161,Sentret,2,0,Normal,,35.0,46.0,34.0,35.0,45.0,20.0,215.0
202,162,Furret,2,0,Normal,,85.0,76.0,64.0,45.0,55.0,90.0,415.0
203,163,Hoothoot,2,0,Normal,Flying,60.0,30.0,30.0,36.0,56.0,50.0,262.0
204,164,Noctowl,2,0,Normal,Flying,100.0,50.0,50.0,86.0,96.0,70.0,452.0
205,165,Ledyba,2,0,Bug,Flying,40.0,20.0,30.0,40.0,80.0,55.0,265.0
206,166,Ledian,2,0,Bug,Flying,55.0,35.0,50.0,55.0,110.0,85.0,390.0
207,167,Spinarak,2,0,Bug,Poison,40.0,60.0,40.0,40.0,40.0,30.0,250.0
208,168,Ariados,2,0,Bug,Poison,70.0,90.0,70.0,60.0,70.0,40.0,400.0
209,169,Crobat,2,0,Poison,Flying,85.0,90.0,80.0,70.0,80.0,130.0,535.0
210,170,Chinchou,2,0,Water,Electric,75.0,38.0,38.0,56.0,56.0,67.0,330.0
211,171,Lanturn,2,0,Water,Electric,125.0,58.0,58.0,76.0,76.0,67.0,460.0
212,172,Pichu,2,0,Electric,,20.0,40.0,15.0,35.0,35.0,60.0,205.0
213,173,Cleffa,2,0,Fairy,,50.0,25.0,28.0,45.0,55.0,15.0,218.0
214,174,Igglybuff,2,0,Normal,Fairy,90.0,30.0,15.0,40.0,20.0,15.0,210.0
215,175,Togepi,2,0,Fairy,,35.0,20.0,65.0,40.0,65.0,20.0,245.0
216,176,Togetic,2,0,Fairy,Flying,55.0,40.0,85.0,80.0,105.0,40.0,405.0
217,177,Natu,2,0,Psychic,Flying,40.0,50.0,45.0,70.0,45.0,70.0,320.0
218,178,Xatu,2,0,Psychic,Flying,65.0,75.0,70.0,95.0,70.0,95.0,470.0
219,179,Mareep,2,0,Electric,,55.0,40.0,40.0,65.0,45.0,35.0,280.0
220,180,Flaaffy,2,0,Electric,,70.0,55.0,55.0,80.0,60.0,45.0,365.0
221,181,Ampharos,2,0,Electric,,90.0,75.0,85.0,115.0,90.0,55.0,510.0
222,181,Mega Ampharos,2,0,Electric,Dragon,90.0,95.0,105.0,165.0,110.0,45.0,610.0
223,182,Bellossom,2,0,Grass,,75.0,80.0,95.0,90.0,100.0,50.0,490.0
224,183,Marill,2,0,Water,Fairy,70.0,20.0,50.0,20.0,50.0,40.0,250.0
225,184,Azumarill,2,0,Water,Fairy,100.0,50.0,80.0,60.0,80.0,50.0,420.0
226,185,Sudowoodo,2,0,Rock,,70.0,100.0,115.0,30.0,65.0,30.0,410.0
227,186,Politoed,2,0,Water,,90.0,75.0,75.0,90.0,100.0,70.0,500.0
228,187,Hoppip,2,0,Grass,Flying,35.0,35.0,40.0,35.0,55.0,50.0,250.0
229,188,Skiploom,2,0,Grass,Flying,55.0,45.0,50.0,45.0,65.0,80.0,340.0
230,189,Jumpluff,2,0,Grass,Flying,75.0,55.0,70.0,55.0,95.0,110.0,460.0
231,190,Aipom,2,0,Normal,,55.0,70.0,55.0,40.0,55.0,85.0,360.0
232,191,Sunkern,2,0,Grass,,30.0,30.0,30.0,30.0,30.0,30.0,180.0
233,192,Sunflora,2,0,Grass,,75.0,75.0,55.0,105.0,85.0,30.0,425.0
234,193,Yanma,2,0,Bug,Flying,65.0,65.0,45.0,75.0,45.0,95.0,390.0
235,194,Wooper,2,0,Water,Ground,55.0,45.0,45.0,25.0,25.0,15.0,210.0
236,195,Quagsire,2,0,Water,Ground,95.0,85.0,85.0,65.0,65.0,35.0,430.0
237,196,Espeon,2,0,Psychic,,65.0,65.0,60.0,130.0,95.0,110.0,525.0
238,197,Umbreon,2,0,Dark,,95.0,65.0,110.0,60.0,130.0,65.0,525.0
239,198,Murkrow,2,0,Water,Psychic,95.0,75.0,80.0,100.0,110.0,30.0,490.0
240,199,Slowking,2,0,,,,,,,,,0.0
241,200,Misdreavus,2,0,Ghost,,60.0,60.0,60.0,85.0,85.0,85.0,435.0
242,201,Unown,2,0,Psychic,,48.0,72.0,48.0,72.0,48.0,48.0,336.0
243,202,Wobbuffet,2,0,Psychic,,190.0,33.0,58.0,33.0,58.0,33.0,405.0
244,203,Girafarig,2,0,Normal,Psychic,70.0,80.0,65.0,90.0,65.0,85.0,455.0
245,204,Pineco,2,0,Bug,,50.0,65.0,90.0,35.0,35.0,15.0,290.0
246,205,Forretress,2,0,Bug,Steel,75.0,90.0,140.0,60.0,60.0,40.0,465.0
247,206,Dunsparce,2,0,Normal,,100.0,70.0,70.0,65.0,65.0,45.0,415.0
248,207,Gligar,2,0,Ground,Flying,65.0,75.0,105.0,35.0,65.0,85.0,430.0
249,208,Steelix,2,0,Steel,Ground,75.0,85.0,200.0,55.0,65.0,30.0,510.0
250,208,Mega Steelix,2,0,Steel,Ground,75.0,125.0,230.0,55.0,95.0,30.0,610.0
251,209,Snubbull,2,0,Fairy,,60.0,80.0,50.0,40.0,40.0,30.0,300.0
252,210,Granbull,2,0,Fairy,,90.0,120.0,75.0,60.0,60.0,45.0,450.0
253,211,Qwilfish,2,0,Water,Poison,65.0,95.0,85.0,55.0,55.0,85.0,440.0
254,212,Scizor,2,0,Bug,Steel,70.0,130.0,100.0,55.0,80.0,65.0,500.0
255,212,Mega Scizor,2,0,Bug,Steel,70.0,150.0,140.0,65.0,100.0,75.0,600.0
256,213,Shuckle,2,0,Bug,Rock,20.0,10.0,230.0,10.0,230.0,5.0,505.0
257,214,Heracross,2,0,Bug,Fighting,80.0,125.0,75.0,40.0,95.0,85.0,500.0
258,214,Mega Heracross,2,0,Bug,Fighting,80.0,185.0,115.0,40.0,105.0,75.0,600.0
259,215,Sneasel,2,0,Dark,Ice,55.0,95.0,55.0,35.0,75.0,115.0,430.0
260,216,Teddiursa,2,0,Normal,,60.0,80.0,50.0,50.0,50.0,40.0,330.0
261,217,Ursaring,2,0,Normal,,90.0,130.0,75.0,75.0,75.0,55.0,500.0
262,218,Slugma,2,0,Fire,,40.0,40.0,40.0,70.0,40.0,20.0,250.0
263,219,Magcargo,2,0,Fire,Rock,60.0,50.0,120.0,90.0,80.0,30.0,430.0
264,220,Swinub,2,0,Ice,Ground,50.0,50.0,40.0,30.0,30.0,50.0,250.0
265,221,Piloswine,2,0,Ice,Ground,100.0,100.0,80.0,60.0,60.0,50.0,450.0
266,222,Corsola,2,0,Water,Rock,65.0,55.0,95.0,65.0,95.0,35.0,410.0
267,222,Galarian Corsola,2,0,Ghost,,60.0,55.0,100.0,65.0,100.0,30.0,410.0
268,223,Remoraid,2,0,Water,,35.0,65.0,35.0,65.0,35.0,65.0,300.0
269,224,Octillery,2,0,Water,,75.0,105.0,75.0,105.0,75.0,45.0,480.0
270,225,Delibird,2,0,Ice,Flying,45.0,55.0,45.0,65.0,45.0,75.0,330.0
271,226,Mantine,2,0,Water,Flying,85.0,40.0,70.0,80.0,140.0,70.0,485.0
272,227,Skarmory,2,0,Steel,Flying,65.0,80.0,140.0,40.0,70.0,70.0,465.0
273,228,Houndour,2,0,Dark,Fire,45.0,60.0,30.0,80.0,50.0,65.0,330.0
274,229,Houndoom,2,0,Dark,Fire,75.0,90.0,50.0,110.0,80.0,95.0,500.0
275,229,Mega Houndoom,2,0,Dark,Fire,75.0,90.0,90.0,140.0,90.0,115.0,600.0
276,230,Kingdra,2,0,Water,Dragon,75.0,95.0,95.0,95.0,95.0,85.0,540.0
277,231,Phanpy,2,0,Ground,,90.0,60.0,60.0,40.0,40.0,40.0,330.0
278,232,Donphan,2,0,Ground,,90.0,120.0,120.0,60.0,60.0,50.0,500.0
279,233,Porygon2,2,0,Normal,,85.0,80.0,90.0,105.0,95.0,60.0,515.0
280,234,Stantler,2,0,Normal,,73.0,95.0,62.0,85.0,65.0,85.0,465.0
281,235,Smeargle,2,0,Normal,,55.0,20.0,35.0,20.0,45.0,75.0,250.0
282,236,Tyrogue,2,0,Fighting,,35.0,35.0,35.0,35.0,35.0,35.0,210.0
283,237,Hitmontop,2,0,Fighting,,50.0,95.0,95.0,35.0,110.0,70.0,455.0
284,238,Smoochum,2,0,Ice,Psychic,45.0,30.0,15.0,85.0,65.0,65.0,305.0
285,239,Elekid,2,0,Electric,,45.0,63.0,37.0,65.0,55.0,95.0,360.0
286,240,Magby,2,0,Fire,,45.0,75.0,37.0,70.0,55.0,83.0,365.0
287,241,Miltank,2,0,Normal,,95.0,80.0,105.0,40.0,70.0,100.0,490.0
288,242,Blissey,2,0,Normal,,255.0,10.0,10.0,75.0,135.0,55.0,540.0
289,243,Raikou,2,0,Electric,,90.0,85.0,75.0,115.0,100.0,115.0,580.0
290,244,Entei,2,0,Fire,,115.0,115.0,85.0,90.0,75.0,100.0,580.0
291,245,Suicune,2,0,Water,,100.0,75.0,115.0,90.0,115.0,85.0,580.0
292,246,Larvitar,2,0,Rock,Ground,50.0,64.0,50.0,45.0,50.0,41.0,300.0
293,247,Pupitar,2,0,Rock,Ground,70.0,84.0,70.0,65.0,70.0,51.0,410.0
294,248,Tyranitar,2,0,Rock,Dark,100.0,134.0,110.0,95.0,100.0,61.0,600.0
295,248,Mega Tyranitar,2,0,Rock,Dark,100.0,164.0,150.0,95.0,120.0,71.0,700.0
296,249,Lugia,2,1,Psychic,Flying,106.0,90.0,130.0,90.0,154.0,110.0,680.0
297,250,Ho-oh,2,1,Fire,Flying,106.0,130.0,90.0,110.0,154.0,90.0,680.0
298,251,Celebi,2,0,Psychic,Grass,100.0,100.0,100.0,100.0,100.0,100.0,600.0
299,252,Treecko,3,0,Grass,,40.0,45.0,35.0,65.0,55.0,70.0,310.0
300,253,Grovyle,3,0,Grass,,50.0,65.0,45.0,85.0,65.0,95.0,405.0
301,254,Sceptile,3,0,Grass,,70.0,85.0,65.0,105.0,85.0,120.0,530.0
302,254,Mega Sceptile,3,0,Grass,Dragon,70.0,110.0,75.0,145.0,85.0,145.0,630.0
303,255,Torchic,3,0,Fire,,45.0,60.0,40.0,70.0,50.0,45.0,310.0
304,256,Combusken,3,0,Fire,Fighting,60.0,85.0,60.0,85.0,60.0,55.0,405.0
305,257,Blaziken,3,0,Fire,Fighting,80.0,120.0,70.0,110.0,70.0,80.0,530.0
306,257,Mega Blaziken,3,0,Fire,Fighting,80.0,160.0,80.0,130.0,80.0,100.0,630.0
307,258,Mudkip,3,0,Water,,50.0,70.0,50.0,50.0,50.0,40.0,310.0
308,259,Marshtomp,3,0,Water,Ground,70.0,85.0,70.0,60.0,70.0,50.0,405.0
309,260,Swampert,3,0,Water,Ground,100.0,110.0,90.0,85.0,90.0,60.0,535.0
310,260,Mega Swampert,3,0,Water,Ground,100.0,150.0,110.0,95.0,110.0,70.0,635.0
311,261,Poochyena,3,0,Dark,,35.0,55.0,35.0,30.0,30.0,35.0,220.0
312,262,Mightyena,3,0,Dark,,70.0,90.0,70.0,60.0,60.0,70.0,420.0
313,263,Zigzagoon,3,0,Normal,,38.0,30.0,41.0,30.0,41.0,60.0,240.0
314,263,Galarian Zigzagoon,3,0,Dark,Normal,38.0,30.0,41.0,30.0,41.0,60.0,240.0
315,264,Linoone,3,0,Normal,,78.0,70.0,61.0,50.0,61.0,100.0,420.0
316,264,Galarian Linoone,3,0,Dark,Normal,78.0,70.0,61.0,50.0,61.0,100.0,420.0
317,265,Wurmple,3,0,Bug,,45.0,45.0,35.0,20.0,30.0,20.0,195.0
318,266,Silcoon,3,0,Bug,,50.0,35.0,55.0,25.0,25.0,15.0,205.0
319,267,Beautifly,3,0,Bug,Flying,60.0,70.0,50.0,100.0,50.0,65.0,395.0
320,268,Cascoon,3,0,Bug,,50.0,35.0,55.0,25.0,25.0,15.0,205.0
321,269,Dustox,3,0,Bug,Poison,60.0,50.0,70.0,50.0,90.0,65.0,385.0
322,270,Lotad,3,0,Water,Grass,40.0,30.0,30.0,40.0,50.0,30.0,220.0
323,271,Lombre,3,0,Water,Grass,60.0,50.0,50.0,60.0,70.0,50.0,340.0
324,272,Ludicolo,3,0,Water,Grass,80.0,70.0,70.0,90.0,100.0,70.0,480.0
325,273,Seedot,3,0,Grass,,40.0,40.0,50.0,30.0,30.0,30.0,220.0
326,274,Nuzleaf,3,0,Grass,Dark,70.0,70.0,40.0,60.0,40.0,60.0,340.0
327,275,Shiftry,3,0,Grass,Dark,90.0,100.0,60.0,90.0,60.0,80.0,480.0
328,276,Taillow,3,0,Normal,Flying,40.0,55.0,30.0,30.0,30.0,85.0,270.0
329,277,Swellow,3,0,Normal,Flying,60.0,85.0,60.0,75.0,50.0,125.0,455.0
330,278,Wingull,3,0,Water,Flying,40.0,30.0,30.0,55.0,30.0,85.0,270.0
331,279,Pelipper,3,0,Water,Flying,60.0,50.0,100.0,95.0,70.0,65.0,440.0
332,280,Ralts,3,0,Psychic,Fairy,28.0,25.0,25.0,45.0,35.0,40.0,198.0
333,281,Kirlia,3,0,Psychic,Fairy,38.0,35.0,35.0,65.0,55.0,50.0,278.0
334,282,Gardevoir,3,0,Psychic,Fairy,68.0,65.0,65.0,125.0,115.0,80.0,518.0
335,282,Mega Gardevoir,3,0,Psychic,Fairy,68.0,85.0,65.0,165.0,135.0,100.0,618.0
336,283,Surskit,3,0,Bug,Water,40.0,30.0,32.0,50.0,52.0,65.0,269.0
337,284,Masquerain,3,0,Bug,Flying,70.0,60.0,62.0,100.0,82.0,80.0,454.0
338,285,Shroomish,3,0,Grass,,60.0,40.0,60.0,40.0,60.0,35.0,295.0
339,286,Breloom,3,0,Grass,Fighting,60.0,130.0,80.0,60.0,60.0,70.0,460.0
340,287,Slakoth,3,0,Normal,,60.0,60.0,60.0,35.0,35.0,30.0,280.0
341,288,Vigoroth,3,0,Normal,,80.0,80.0,80.0,55.0,55.0,90.0,440.0
342,289,Slaking,3,0,Normal,,150.0,160.0,100.0,95.0,65.0,100.0,670.0
343,290,Nincada,3,0,Bug,Ground,31.0,45.0,90.0,30.0,30.0,40.0,266.0
344,291,Ninjask,3,0,Bug,Flying,61.0,90.0,45.0,50.0,50.0,160.0,456.0
345,292,Shedinja,3,0,Bug,Ghost,1.0,90.0,45.0,30.0,30.0,40.0,236.0
346,293,Whismur,3,0,Normal,,64.0,51.0,23.0,51.0,23.0,28.0,240.0
347,294,Loudred,3,0,Normal,,84.0,71.0,43.0,71.0,43.0,48.0,360.0
348,295,Exploud,3,0,Normal,,104.0,91.0,63.0,91.0,73.0,68.0,490.0
349,296,Makuhita,3,0,Fighting,,72.0,60.0,30.0,20.0,30.0,25.0,237.0
350,297,Hariyama,3,0,Fighting,,144.0,120.0,60.0,40.0,60.0,50.0,474.0
351,298,Azurill,3,0,Normal,Fairy,50.0,20.0,40.0,20.0,40.0,20.0,190.0
352,299,Nosepass,3,0,Rock,,30.0,45.0,135.0,45.0,90.0,30.0,375.0
353,300,Skitty,3,0,Normal,,50.0,45.0,45.0,35.0,35.0,50.0,260.0
354,301,Delcatty,3,0,Normal,,70.0,65.0,65.0,55.0,55.0,90.0,400.0
355,302,Sableye,3,0,Dark,Ghost,50.0,75.0,75.0,65.0,65.0,50.0,380.0
356,302,Mega Sableye,3,0,Dark,Ghost,50.0,85.0,125.0,85.0,115.0,20.0,480.0
357,303,Mawile,3,0,Steel,Fairy,50.0,85.0,85.0,55.0,55.0,50.0,380.0
358,303,Mega Mawile,3,0,Steel,Fairy,50.0,105.0,125.0,55.0,95.0,50.0,480.0
359,304,Aron,3,0,Steel,Rock,50.0,70.0,100.0,40.0,40.0,30.0,330.0
360,305,Lairon,3,0,Steel,Rock,60.0,90.0,140.0,50.0,50.0,40.0,430.0
361,306,Aggron,3,0,Steel,Rock,70.0,110.0,180.0,60.0,60.0,50.0,530.0
362,306,Mega Aggron,3,0,Steel,,70.0,140.0,230.0,60.0,80.0,50.0,630.0
363,307,Meditite,3,0,Fighting,Psychic,30.0,40.0,55.0,40.0,55.0,60.0,280.0
364,308,Medicham,3,0,Fighting,Psychic,60.0,60.0,75.0,60.0,75.0,80.0,410.0
365,308,Mega Medicham,3,0,Fighting,Psychic,60.0,100.0,85.0,80.0,85.0,100.0,510.0
366,309,Electrike,3,0,Electric,,40.0,45.0,40.0,65.0,40.0,65.0,295.0
367,310,Manectric,3,0,Electric,,70.0,75.0,60.0,105.0,60.0,105.0,475.0
368,310,Mega Manectric,3,0,Electric,,70.0,75.0,80.0,135.0,80.0,135.0,575.0
369,311,Plusle,3,0,Electric,,60.0,50.0,40.0,85.0,75.0,95.0,405.0
370,312,Minun,3,0,Electric,,60.0,40.0,50.0,75.0,85.0,95.0,405.0
371,313,Volbeat,3,0,Bug,,65.0,73.0,75.0,47.0,85.0,85.0,430.0
372,314,Illumise,3,0,Bug,,65.0,47.0,75.0,73.0,85.0,85.0,430.0
373,315,Roselia,3,0,Grass,Poison,50.0,60.0,45.0,100.0,80.0,65.0,400.0
374,316,Gulpin,3,0,Poison,,70.0,43.0,53.0,43.0,53.0,40.0,302.0
375,317,Swalot,3,0,Poison,,100.0,73.0,83.0,73.0,83.0,55.0,467.0
376,318,Carvanha,3,0,Water,Dark,45.0,90.0,20.0,65.0,20.0,65.0,305.0
377,319,Sharpedo,3,0,Water,Dark,70.0,120.0,40.0,95.0,40.0,95.0,460.0
378,319,Mega Sharpedo,3,0,Water,Dark,70.0,140.0,70.0,110.0,65.0,105.0,560.0
379,320,Wailmer,3,0,Water,,130.0,70.0,35.0,70.0,35.0,60.0,400.0
380,321,Wailord,3,0,Water,,170.0,90.0,45.0,90.0,45.0,60.0,500.0
381,322,Numel,3,0,Fire,Ground,60.0,60.0,40.0,65.0,45.0,35.0,305.0
382,323,Camerupt,3,0,Fire,Ground,70.0,100.0,70.0,105.0,75.0,40.0,460.0
383,323,Mega Camerupt,3,0,Fire,Ground,70.0,120.0,100.0,145.0,105.0,20.0,560.0
384,324,Torkoal,3,0,Fire,,70.0,85.0,140.0,85.0,70.0,20.0,470.0
385,325,Spoink,3,0,Psychic,,60.0,25.0,35.0,70.0,80.0,60.0,330.0
386,326,Grumpig,3,0,Psychic,,80.0,45.0,65.0,90.0,110.0,80.0,470.0
387,327,Spinda,3,0,Normal,,60.0,60.0,60.0,60.0,60.0,60.0,360.0
388,328,Trapinch,3,0,Ground,,45.0,100.0,45.0,45.0,45.0,10.0,290.0
389,329,Vibrava,3,0,Ground,Dragon,50.0,70.0,50.0,50.0,50.0,70.0,340.0
390,330,Flygon,3,0,Ground,Dragon,80.0,100.0,80.0,80.0,80.0,100.0,520.0
391,331,Cacnea,3,0,Grass,,50.0,85.0,40.0,85.0,40.0,35.0,335.0
392,332,Cacturne,3,0,Grass,Dark,70.0,115.0,60.0,115.0,60.0,55.0,475.0
393,333,Swablu,3,0,Normal,Flying,45.0,40.0,60.0,40.0,75.0,50.0,310.0
394,334,Altaria,3,0,Dragon,Flying,75.0,70.0,90.0,70.0,105.0,80.0,490.0
395,334,Mega Altaria,3,0,Dragon,Fairy,75.0,110.0,110.0,110.0,105.0,80.0,590.0
396,335,Zangoose,3,0,Normal,,73.0,115.0,60.0,60.0,60.0,90.0,458.0
397,336,Seviper,3,0,Poison,,73.0,100.0,60.0,100.0,60.0,65.0,458.0
398,337,Lunatone,3,0,Rock,Psychic,90.0,55.0,65.0,95.0,85.0,70.0,460.0
399,338,Solrock,3,0,Rock,Psychic,90.0,95.0,85.0,55.0,65.0,70.0,460.0
400,339,Barboach,3,0,Water,Ground,50.0,48.0,43.0,46.0,41.0,60.0,288.0
401,340,Whiscash,3,0,Water,Ground,110.0,78.0,73.0,76.0,71.0,60.0,468.0
402,341,Corphish,3,0,Water,,43.0,80.0,65.0,50.0,35.0,35.0,308.0
403,342,Crawdaunt,3,0,Water,Dark,63.0,120.0,85.0,90.0,55.0,55.0,468.0
404,343,Baltoy,3,0,Ground,Psychic,40.0,40.0,55.0,40.0,70.0,55.0,300.0
405,344,Claydol,3,0,Ground,Psychic,60.0,70.0,105.0,70.0,120.0,75.0,500.0
406,345,Lileep,3,0,Rock,Grass,66.0,41.0,77.0,61.0,87.0,23.0,355.0
407,346,Cradily,3,0,Rock,Grass,86.0,81.0,97.0,81.0,107.0,43.0,495.0
408,347,Anorith,3,0,Rock,Bug,45.0,95.0,50.0,40.0,50.0,75.0,355.0
409,348,Armaldo,3,0,Rock,Bug,75.0,125.0,100.0,70.0,80.0,45.0,495.0
410,349,Feebas,3,0,Water,,20.0,15.0,20.0,10.0,55.0,80.0,200.0
411,350,Milotic,3,0,Water,,95.0,60.0,79.0,100.0,125.0,81.0,540.0
412,351,Castform,3,0,Normal,,70.0,70.0,70.0,70.0,70.0,70.0,420.0
413,351,Castform Sunny Form,3,0,Fire,,70.0,70.0,70.0,70.0,70.0,70.0,420.0
414,351,Castform Rainy Form,3,0,Water,,70.0,70.0,70.0,70.0,70.0,70.0,420.0
415,351,Castform Snowy Form,3,0,Ice,,70.0,70.0,70.0,70.0,70.0,70.0,420.0
416,352,Kecleon,3,0,Normal,,60.0,90.0,70.0,60.0,120.0,40.0,440.0
417,353,Shuppet,3,0,Ghost,,44.0,75.0,35.0,63.0,33.0,45.0,295.0
418,354,Banette,3,0,Ghost,,64.0,115.0,65.0,83.0,63.0,65.0,455.0
419,354,Mega Banette,3,0,Ghost,,64.0,165.0,75.0,93.0,83.0,75.0,555.0
420,355,Duskull,3,0,Ghost,,20.0,40.0,90.0,30.0,90.0,25.0,295.0
421,356,Dusclops,3,0,Ghost,,40.0,70.0,130.0,60.0,130.0,25.0,455.0
422,357,Tropius,3,0,Grass,Flying,99.0,68.0,83.0,72.0,87.0,51.0,460.0
423,358,Chimecho,3,0,Psychic,,75.0,50.0,80.0,95.0,90.0,65.0,455.0
424,359,Absol,3,0,Dark,,65.0,130.0,60.0,75.0,60.0,75.0,465.0
425,359,Mega Absol,3,0,Dark,,65.0,150.0,60.0,115.0,60.0,115.0,565.0
426,360,Wynaut,3,0,Psychic,,95.0,23.0,48.0,23.0,48.0,23.0,260.0
427,361,Snorunt,3,0,Ice,,50.0,50.0,50.0,50.0,50.0,50.0,300.0
428,362,Glalie,3,0,Ice,,80.0,80.0,80.0,80.0,80.0,80.0,480.0
429,362,Mega Glalie,3,0,Ice,,80.0,120.0,80.0,120.0,80.0,100.0,580.0
430,363,Spheal,3,0,Ice,Water,70.0,40.0,50.0,55.0,50.0,25.0,290.0
431,364,Sealeo,3,0,Ice,Water,90.0,60.0,70.0,75.0,70.0,45.0,410.0
432,365,Walrein,3,0,Ice,Water,110.0,80.0,90.0,95.0,90.0,65.0,530.0
433,366,Clamperl,3,0,Water,,35.0,64.0,85.0,74.0,55.0,32.0,345.0
434,367,Huntail,3,0,Water,,55.0,104.0,105.0,94.0,75.0,52.0,485.0
435,368,Gorebyss,3,0,Water,,55.0,84.0,105.0,114.0,75.0,52.0,485.0
436,369,Relicanth,3,0,Water,Rock,100.0,90.0,130.0,45.0,65.0,55.0,485.0
437,370,Luvdisc,3,0,Water,,43.0,30.0,55.0,40.0,65.0,97.0,330.0
438,371,Bagon,3,0,Dragon,,45.0,75.0,60.0,40.0,30.0,50.0,300.0
439,372,Shelgon,3,0,Dragon,,65.0,95.0,100.0,60.0,50.0,50.0,420.0
440,373,Salamence,3,0,Dragon,Flying,95.0,135.0,80.0,110.0,80.0,100.0,600.0
441,373,Mega Salamence,3,0,Dragon,Flying,95.0,145.0,130.0,120.0,90.0,120.0,700.0
442,374,Beldum,3,0,Steel,Psychic,40.0,55.0,80.0,35.0,60.0,30.0,300.0
443,375,Metang,3,0,Steel,Psychic,60.0,75.0,100.0,55.0,80.0,50.0,420.0
444,376,Metagross,3,0,Steel,Psychic,80.0,135.0,130.0,95.0,90.0,70.0,600.0
445,376,Mega Metagross,3,0,Steel,Psychic,80.0,145.0,150.0,105.0,110.0,110.0,700.0
446,377,Regirock,3,0,Rock,,80.0,100.0,200.0,50.0,100.0,50.0,580.0
447,378,Regice,3,0,Ice,,80.0,50.0,100.0,100.0,200.0,50.0,580.0
448,379,Registeel,3,0,Steel,,80.0,75.0,150.0,75.0,150.0,50.0,580.0
449,380,Latias,3,0,Dragon,Psychic,80.0,80.0,90.0,110.0,130.0,110.0,600.0
450,380,Mega Latias,3,0,Dragon,Psychic,80.0,100.0,120.0,140.0,150.0,110.0,700.0
451,381,Latios,3,0,Dragon,Psychic,80.0,90.0,80.0,130.0,110.0,110.0,600.0
452,381,Mega Latios,3,0,Dragon,Psychic,80.0,130.0,100.0,160.0,120.0,110.0,700.0
453,382,Kyogre,3,1,Water,,100.0,100.0,90.0,150.0,140.0,90.0,670.0
454,382,Primal Kyogre,3,1,Water,,100.0,150.0,90.0,180.0,160.0,90.0,770.0
455,383,Groudon,3,1,Ground,,100.0,150.0,140.0,100.0,90.0,90.0,670.0
456,383,Primal Groudon,3,1,Ground,Fire,100.0,180.0,160.0,150.0,90.0,90.0,770.0
457,384,Rayquaza,3,1,Dragon,Flying,105.0,150.0,90.0,150.0,90.0,95.0,680.0
458,384,Mega Rayquaza,3,1,Dragon,Flying,105.0,180.0,100.0,180.0,100.0,115.0,780.0
459,385,Jirachi,3,0,Steel,Psychic,100.0,100.0,100.0,100.0,100.0,100.0,600.0
460,386,Deoxys Normal Forme,3,0,Psychic,,50.0,150.0,50.0,150.0,50.0,150.0,600.0
461,386,Deoxys Attack Forme,3,0,Psychic,,50.0,180.0,20.0,180.0,20.0,150.0,600.0
462,386,Deoxys Defense Forme,3,0,Psychic,,50.0,70.0,160.0,70.0,160.0,90.0,600.0
463,386,Deoxys Speed Forme,3,0,Psychic,,50.0,95.0,90.0,95.0,90.0,180.0,600.0
464,387,Turtwig,4,0,Grass,,55.0,68.0,64.0,45.0,55.0,31.0,318.0
465,388,Grotle,4,0,Grass,,75.0,89.0,85.0,55.0,65.0,36.0,405.0
466,389,Torterra,4,0,Grass,Ground,95.0,109.0,105.0,75.0,85.0,56.0,525.0
467,390,Chimchar,4,0,Fire,,44.0,58.0,44.0,58.0,44.0,61.0,309.0
468,391,Monferno,4,0,Fire,Fighting,64.0,78.0,52.0,78.0,52.0,81.0,405.0
469,392,Infernape,4,0,Fire,Fighting,76.0,104.0,71.0,104.0,71.0,108.0,534.0
470,393,Piplup,4,0,Water,,53.0,51.0,53.0,61.0,56.0,40.0,314.0
471,394,Prinplup,4,0,Water,,64.0,66.0,68.0,81.0,76.0,50.0,405.0
472,395,Empoleon,4,0,Water,Steel,84.0,86.0,88.0,111.0,101.0,60.0,530.0
473,396,Starly,4,0,Normal,Flying,40.0,55.0,30.0,30.0,30.0,60.0,245.0
474,397,Staravia,4,0,Normal,Flying,55.0,75.0,50.0,40.0,40.0,80.0,340.0
475,398,Staraptor,4,0,Normal,Flying,85.0,120.0,70.0,50.0,60.0,100.0,485.0
476,399,Bidoof,4,0,Normal,,59.0,45.0,40.0,35.0,40.0,31.0,250.0
477,400,Bibarel,4,0,Normal,Water,79.0,85.0,60.0,55.0,60.0,71.0,410.0
478,401,Kricketot,4,0,Bug,,37.0,25.0,41.0,25.0,41.0,25.0,194.0
479,402,Kricketune,4,0,Bug,,77.0,85.0,51.0,55.0,51.0,65.0,384.0
480,403,Shinx,4,0,Electric,,45.0,65.0,34.0,40.0,34.0,45.0,263.0
481,404,Luxio,4,0,Electric,,60.0,85.0,49.0,60.0,49.0,60.0,363.0
482,405,Luxray,4,0,Electric,,80.0,120.0,79.0,95.0,79.0,70.0,523.0
483,406,Budew,4,0,Grass,Poison,40.0,30.0,35.0,50.0,70.0,55.0,280.0
484,407,Roserade,4,0,Grass,Poison,60.0,70.0,65.0,125.0,105.0,90.0,515.0
485,408,Cranidos,4,0,Rock,,67.0,125.0,40.0,30.0,30.0,58.0,350.0
486,409,Rampardos,4,0,Rock,,97.0,165.0,60.0,65.0,50.0,58.0,495.0
487,410,Shieldon,4,0,Rock,Steel,30.0,42.0,118.0,42.0,88.0,30.0,350.0
488,411,Bastiodon,4,0,Rock,Steel,60.0,52.0,168.0,47.0,138.0,30.0,495.0
489,412,Burmy,4,0,Bug,,40.0,29.0,45.0,29.0,45.0,36.0,224.0
490,413,Wormadam Plant Cloak,4,0,Bug,Grass,60.0,59.0,85.0,79.0,105.0,36.0,424.0
491,413,Wormadam Sandy Cloak,4,0,Bug,Ground,60.0,79.0,105.0,59.0,85.0,36.0,424.0
492,413,Wormadam Trash Cloak,4,0,Bug,Steel,60.0,69.0,95.0,69.0,95.0,36.0,424.0
493,414,Mothim,4,0,Bug,Flying,70.0,94.0,50.0,94.0,50.0,66.0,424.0
494,415,Combee,4,0,Bug,Flying,30.0,30.0,42.0,30.0,42.0,70.0,244.0
495,416,Vespiquen,4,0,Bug,Flying,70.0,80.0,102.0,80.0,102.0,40.0,474.0
496,417,Pachirisu,4,0,Electric,,60.0,45.0,70.0,45.0,90.0,95.0,405.0
497,418,Buizel,4,0,Water,,55.0,65.0,35.0,60.0,30.0,85.0,330.0
498,419,Floatzel,4,0,Water,,85.0,105.0,55.0,85.0,50.0,115.0,495.0
499,420,Cherubi,4,0,Grass,,45.0,35.0,45.0,62.0,53.0,35.0,275.0
500,421,Cherrim,4,0,Grass,,70.0,60.0,70.0,87.0,78.0,85.0,450.0
501,422,Shellos,4,0,Water,,76.0,48.0,48.0,57.0,62.0,34.0,325.0
502,423,Gastrodon,4,0,Water,Ground,111.0,83.0,68.0,92.0,82.0,39.0,475.0
503,424,Ambipom,4,0,Normal,,75.0,100.0,66.0,60.0,66.0,115.0,482.0
504,425,Drifloon,4,0,Ghost,Flying,90.0,50.0,34.0,60.0,44.0,70.0,348.0
505,426,Drifblim,4,0,Ghost,Flying,150.0,80.0,44.0,90.0,54.0,80.0,498.0
506,427,Buneary,4,0,Normal,,55.0,66.0,44.0,44.0,56.0,85.0,350.0
507,428,Lopunny,4,0,Normal,,65.0,76.0,84.0,54.0,96.0,105.0,480.0
508,428,Mega Lopunny,4,0,Normal,Fighting,65.0,136.0,94.0,54.0,96.0,135.0,580.0
509,429,Mismagius,4,0,Ghost,,60.0,60.0,60.0,105.0,105.0,105.0,495.0
510,430,Honchkrow,4,0,Dark,Flying,100.0,125.0,52.0,105.0,52.0,71.0,505.0
511,431,Glameow,4,0,Normal,,49.0,55.0,42.0,42.0,37.0,85.0,310.0
512,432,Purugly,4,0,Normal,,71.0,82.0,64.0,64.0,59.0,112.0,452.0
513,433,Chingling,4,0,Psychic,,45.0,30.0,50.0,65.0,50.0,45.0,285.0
514,434,Stunky,4,0,Poison,Dark,63.0,63.0,47.0,41.0,41.0,74.0,329.0
515,435,Skuntank,4,0,Poison,Dark,103.0,93.0,67.0,71.0,61.0,84.0,479.0
516,436,Bronzor,4,0,Steel,Psychic,57.0,24.0,86.0,24.0,86.0,23.0,300.0
517,437,Bronzong,4,0,Steel,Psychic,67.0,89.0,116.0,79.0,116.0,33.0,500.0
518,438,Bonsly,4,0,Rock,,50.0,80.0,95.0,10.0,45.0,10.0,290.0
519,439,Mime Jr.,4,0,Psychic,Fairy,20.0,25.0,45.0,70.0,90.0,60.0,310.0
520,440,Happiny,4,0,Normal,,100.0,5.0,5.0,15.0,65.0,30.0,220.0
521,441,Chatot,4,0,Normal,Flying,76.0,65.0,45.0,92.0,42.0,91.0,411.0
522,442,Spiritomb,4,0,Ghost,Dark,50.0,92.0,108.0,92.0,108.0,35.0,485.0
523,443,Gible,4,0,Dragon,Ground,58.0,70.0,45.0,40.0,45.0,42.0,300.0
524,444,Gabite,4,0,Dragon,Ground,68.0,90.0,65.0,50.0,55.0,82.0,410.0
525,445,Garchomp,4,0,Dragon,Ground,108.0,130.0,95.0,80.0,85.0,102.0,600.0
526,445,Mega Garchomp,4,0,Dragon,Ground,108.0,170.0,115.0,120.0,95.0,92.0,700.0
527,446,Munchlax,4,0,Normal,,135.0,85.0,40.0,40.0,85.0,5.0,390.0
528,447,Riolu,4,0,Fighting,,40.0,70.0,40.0,35.0,40.0,60.0,285.0
529,448,Lucario,4,0,Fighting,Steel,70.0,110.0,70.0,115.0,70.0,90.0,525.0
530,448,Mega Lucario,4,0,Fighting,Steel,70.0,145.0,88.0,140.0,70.0,112.0,625.0
531,449,Hippopotas,4,0,Ground,,68.0,72.0,78.0,38.0,42.0,32.0,330.0
532,450,Hippowdon,4,0,Ground,,108.0,112.0,118.0,68.0,72.0,47.0,525.0
533,451,Skorupi,4,0,Poison,Bug,40.0,50.0,90.0,30.0,55.0,65.0,330.0
534,452,Drapion,4,0,Poison,Dark,70.0,90.0,110.0,60.0,75.0,95.0,500.0
535,453,Croagunk,4,0,Poison,Fighting,48.0,61.0,40.0,61.0,40.0,50.0,300.0
536,454,Toxicroak,4,0,Poison,Fighting,83.0,106.0,65.0,86.0,65.0,85.0,490.0
537,455,Carnivine,4,0,Grass,,74.0,100.0,72.0,90.0,72.0,46.0,454.0
538,456,Finneon,4,0,Water,,49.0,49.0,56.0,49.0,61.0,66.0,330.0
539,457,Lumineon,4,0,Water,,69.0,69.0,76.0,69.0,86.0,91.0,460.0
540,458,Mantyke,4,0,Water,Flying,45.0,20.0,50.0,60.0,120.0,50.0,345.0
541,459,Snover,4,0,Grass,Ice,60.0,62.0,50.0,62.0,60.0,40.0,334.0
542,460,Abomasnow,4,0,Grass,Ice,90.0,92.0,75.0,92.0,85.0,60.0,494.0
543,460,Mega Abomasnow,4,0,Grass,Ice,90.0,132.0,105.0,132.0,105.0,30.0,594.0
544,461,Weavile,4,0,Dark,Ice,70.0,120.0,65.0,45.0,85.0,125.0,510.0
545,462,Magnezone,4,0,Electric,Steel,70.0,70.0,115.0,130.0,90.0,60.0,535.0
546,463,Lickilicky,4,0,Normal,,110.0,85.0,95.0,80.0,95.0,50.0,515.0
547,464,Rhyperior,4,0,Ground,Rock,115.0,140.0,130.0,55.0,55.0,40.0,535.0
548,465,Tangrowth,4,0,Grass,,100.0,100.0,125.0,110.0,50.0,50.0,535.0
549,466,Electivire,4,0,Electric,,75.0,123.0,67.0,95.0,85.0,95.0,540.0
550,467,Magmortar,4,0,Fire,,75.0,95.0,67.0,125.0,95.0,83.0,540.0
551,468,Togekiss,4,0,Fairy,Flying,85.0,50.0,95.0,120.0,115.0,80.0,545.0
552,469,Yanmega,4,0,Bug,Flying,86.0,76.0,86.0,116.0,56.0,95.0,515.0
553,470,Leafeon,4,0,Grass,,65.0,110.0,130.0,60.0,65.0,95.0,525.0
554,471,Glaceon,4,0,Ice,,65.0,60.0,110.0,130.0,95.0,65.0,525.0
555,472,Gliscor,4,0,Ground,Flying,75.0,95.0,125.0,45.0,75.0,95.0,510.0
556,473,Mamoswine,4,0,Ice,Ground,110.0,130.0,80.0,70.0,60.0,80.0,530.0
557,474,Porygon-Z,4,0,Normal,,85.0,80.0,70.0,135.0,75.0,90.0,535.0
558,475,Gallade,4,0,Psychic,Fighting,68.0,125.0,65.0,65.0,115.0,80.0,518.0
559,475,Mega Gallade,4,0,Psychic,Fighting,68.0,165.0,95.0,65.0,115.0,110.0,618.0
560,476,Probopass,4,0,Rock,Steel,60.0,55.0,145.0,75.0,150.0,40.0,525.0
561,477,Dusknoir,4,0,Ghost,,45.0,100.0,135.0,65.0,135.0,45.0,525.0
562,478,Froslass,4,0,Ice,Ghost,70.0,80.0,70.0,80.0,70.0,110.0,480.0
563,479,Rotom,4,0,Electric,Ghost,50.0,50.0,77.0,95.0,77.0,91.0,440.0
564,479,Heat Rotom,4,0,Electric,Fire,50.0,65.0,107.0,105.0,107.0,86.0,520.0
565,479,Wash Rotom,4,0,Electric,Water,50.0,65.0,107.0,105.0,107.0,86.0,520.0
566,479,Frost Rotom,4,0,Electric,Ice,50.0,65.0,107.0,105.0,107.0,86.0,520.0
567,479,Fan Rotom,4,0,Electric,Flying,50.0,65.0,107.0,105.0,107.0,86.0,520.0
568,479,Mow Rotom,4,0,Electric,Grass,50.0,65.0,107.0,105.0,107.0,86.0,520.0
569,480,Uxie,4,0,Psychic,,75.0,75.0,130.0,75.0,130.0,95.0,580.0
570,481,Mesprit,4,0,Psychic,,80.0,105.0,105.0,105.0,105.0,80.0,580.0
571,482,Azelf,4,0,Psychic,,75.0,125.0,70.0,125.0,70.0,115.0,580.0
572,483,Dialga,4,1,Steel,Dragon,100.0,120.0,120.0,150.0,100.0,90.0,680.0
573,484,Palkia,4,1,Water,Dragon,90.0,120.0,100.0,150.0,120.0,100.0,680.0
574,485,Heatran,4,0,Fire,Steel,91.0,90.0,106.0,130.0,106.0,77.0,600.0
575,486,Regigigas,4,0,Normal,,110.0,160.0,110.0,80.0,110.0,100.0,670.0
576,487,Giratina Altered Forme,4,1,Ghost,Dragon,150.0,100.0,120.0,100.0,120.0,90.0,680.0
577,487,Giratina Origin Forme,4,1,Ghost,Dragon,150.0,120.0,100.0,120.0,100.0,90.0,680.0
578,488,Cresselia,4,0,Psychic,,120.0,70.0,120.0,75.0,130.0,85.0,600.0
579,489,Phione,4,0,Water,,80.0,80.0,80.0,80.0,80.0,80.0,480.0
580,490,Manaphy,4,0,Water,,100.0,100.0,100.0,100.0,100.0,100.0,600.0
581,491,Darkrai,4,0,Dark,,70.0,90.0,90.0,135.0,90.0,125.0,600.0
582,492,Shaymin Land Forme,4,0,Grass,,100.0,100.0,100.0,100.0,100.0,100.0,600.0
583,492,Shaymin Sky Forme,4,0,Grass,Flying,100.0,103.0,75.0,120.0,75.0,127.0,600.0
584,493,Arceus,4,0,Normal,,120.0,120.0,120.0,120.0,120.0,120.0,720.0
585,494,Victini,5,0,Psychic,Fire,100.0,100.0,100.0,100.0,100.0,100.0,600.0
586,495,Snivy,5,0,Grass,,45.0,45.0,55.0,45.0,55.0,63.0,308.0
587,496,Servine,5,0,Grass,,60.0,60.0,75.0,60.0,75.0,83.0,413.0
588,497,Serperior,5,0,Grass,,75.0,75.0,95.0,75.0,95.0,113.0,528.0
589,498,Tepig,5,0,Fire,,65.0,63.0,45.0,45.0,45.0,45.0,308.0
590,499,Pignite,5,0,Fire,Fighting,90.0,93.0,55.0,70.0,55.0,55.0,418.0
591,500,Emboar,5,0,Fire,Fighting,110.0,123.0,65.0,100.0,65.0,65.0,528.0
592,501,Oshawott,5,0,Water,,55.0,55.0,45.0,63.0,45.0,45.0,308.0
593,502,Dewott,5,0,Water,,75.0,75.0,60.0,83.0,60.0,60.0,413.0
594,503,Samurott,5,0,Water,,95.0,100.0,85.0,108.0,70.0,70.0,528.0
595,504,Patrat,5,0,Normal,,45.0,55.0,39.0,35.0,39.0,42.0,255.0
596,505,Watchog,5,0,Normal,,60.0,85.0,69.0,60.0,69.0,77.0,420.0
597,506,Lillipup,5,0,Normal,,45.0,60.0,45.0,25.0,45.0,55.0,275.0
598,507,Herdier,5,0,Normal,,65.0,80.0,65.0,35.0,65.0,60.0,370.0
599,508,Stoutland,5,0,Normal,,85.0,110.0,90.0,45.0,90.0,80.0,500.0
600,509,Purrloin,5,0,Dark,,41.0,50.0,37.0,50.0,37.0,66.0,281.0
601,510,Liepard,5,0,Dark,,64.0,88.0,50.0,88.0,50.0,106.0,446.0
602,511,Pansage,5,0,Grass,,50.0,53.0,48.0,53.0,48.0,64.0,316.0
603,512,Simisage,5,0,Grass,,75.0,98.0,63.0,98.0,63.0,101.0,498.0
604,513,Pansear,5,0,Fire,,50.0,53.0,48.0,53.0,48.0,64.0,316.0
605,514,Simisear,5,0,Fire,,75.0,98.0,63.0,98.0,63.0,101.0,498.0
606,515,Panpour,5,0,Water,,50.0,53.0,48.0,53.0,48.0,64.0,316.0
607,516,Simipour,5,0,Water,,75.0,98.0,63.0,98.0,63.0,101.0,498.0
608,517,Munna,5,0,Psychic,,76.0,25.0,45.0,67.0,55.0,24.0,292.0
609,518,Musharna,5,0,Psychic,,116.0,55.0,85.0,107.0,95.0,29.0,487.0
610,519,Pidove,5,0,Normal,Flying,50.0,55.0,50.0,36.0,30.0,43.0,264.0
611,520,Tranquill,5,0,Normal,Flying,62.0,77.0,62.0,50.0,42.0,65.0,358.0
612,521,Unfezant,5,0,Normal,Flying,80.0,115.0,80.0,65.0,55.0,93.0,488.0
613,522,Blitzle,5,0,Electric,,45.0,60.0,32.0,50.0,32.0,76.0,295.0
614,523,Zebstrika,5,0,Electric,,75.0,100.0,63.0,80.0,63.0,116.0,497.0
615,524,Roggenrola,5,0,Rock,,55.0,75.0,85.0,25.0,25.0,15.0,280.0
616,525,Boldore,5,0,Rock,,70.0,105.0,105.0,50.0,40.0,20.0,390.0
617,526,Gigalith,5,0,Rock,,85.0,135.0,130.0,60.0,80.0,25.0,515.0
618,527,Woobat,5,0,Psychic,Flying,65.0,45.0,43.0,55.0,43.0,72.0,323.0
619,528,Swoobat,5,0,Psychic,Flying,67.0,57.0,55.0,77.0,55.0,114.0,425.0
620,529,Drilbur,5,0,Ground,,60.0,85.0,40.0,30.0,45.0,68.0,328.0
621,530,Excadrill,5,0,Ground,Steel,110.0,135.0,60.0,50.0,65.0,88.0,508.0
622,531,Audino,5,0,Normal,,103.0,60.0,86.0,60.0,86.0,50.0,445.0
623,531,Mega Audino,5,0,Normal,Fairy,103.0,60.0,126.0,80.0,126.0,50.0,545.0
624,532,Timburr,5,0,Fighting,,75.0,80.0,55.0,25.0,35.0,35.0,305.0
625,533,Gurdurr,5,0,Fighting,,85.0,105.0,85.0,40.0,50.0,40.0,405.0
626,534,Conkeldurr,5,0,Fighting,,105.0,140.0,95.0,55.0,65.0,45.0,505.0
627,535,Tympole,5,0,Water,,50.0,50.0,40.0,50.0,40.0,64.0,294.0
628,536,Palpitoad,5,0,Water,Ground,75.0,65.0,55.0,65.0,55.0,69.0,384.0
629,537,Seismitoad,5,0,Water,Ground,105.0,95.0,75.0,85.0,75.0,74.0,509.0
630,538,Throh,5,0,Fighting,,120.0,100.0,85.0,30.0,85.0,45.0,465.0
631,539,Sawk,5,0,Fighting,,75.0,125.0,75.0,30.0,75.0,85.0,465.0
632,540,Sewaddle,5,0,Bug,Grass,45.0,53.0,70.0,40.0,60.0,42.0,310.0
633,541,Swadloon,5,0,Bug,Grass,55.0,63.0,90.0,50.0,80.0,42.0,380.0
634,542,Leavanny,5,0,Bug,Grass,75.0,103.0,80.0,70.0,80.0,92.0,500.0
635,543,Venipede,5,0,Bug,Poison,30.0,45.0,59.0,30.0,39.0,57.0,260.0
636,544,Whirlipede,5,0,Bug,Poison,40.0,55.0,99.0,40.0,79.0,47.0,360.0
637,545,Scolipede,5,0,Bug,Poison,60.0,100.0,89.0,55.0,69.0,112.0,485.0
638,546,Cottonee,5,0,Grass,Fairy,40.0,27.0,60.0,37.0,50.0,66.0,280.0
639,547,Whimsicott,5,0,Grass,Fairy,60.0,67.0,85.0,77.0,75.0,116.0,480.0
640,548,Petilil,5,0,Grass,,45.0,35.0,50.0,70.0,50.0,30.0,280.0
641,549,Lilligant,5,0,Grass,,70.0,60.0,75.0,110.0,75.0,90.0,480.0
642,550,Basculin Red-Striped Form,5,0,Water,,70.0,92.0,65.0,80.0,55.0,98.0,460.0
643,550,Basculin Blue-Striped Form,5,0,Water,,70.0,92.0,65.0,80.0,55.0,98.0,460.0
644,551,Sandile,5,0,Ground,Dark,50.0,72.0,35.0,35.0,35.0,65.0,292.0
645,552,Krokorok,5,0,Ground,Dark,60.0,82.0,45.0,45.0,45.0,74.0,351.0
646,553,Krookodile,5,0,Ground,Dark,95.0,117.0,80.0,65.0,70.0,92.0,519.0
647,554,Darumaka,5,0,Fire,,70.0,90.0,45.0,15.0,45.0,50.0,315.0
648,554,Galarian Darumaka,5,0,Ice,,70.0,90.0,45.0,15.0,45.0,50.0,315.0
649,555,Darmanitan Standard Mode,5,0,Fire,,105.0,140.0,55.0,30.0,55.0,95.0,480.0
650,555,Darmanitan Zen Mode,5,0,Fire,Psychic,105.0,30.0,105.0,140.0,105.0,55.0,540.0
651,555,Darmanitan Galarian Standard Mode,5,0,Ice,,105.0,140.0,55.0,30.0,55.0,95.0,480.0
652,555,Darmanitan Galarian Zen Mode,5,0,Ice,Fire,105.0,160.0,55.0,30.0,55.0,135.0,540.0
653,556,Maractus,5,0,Grass,,75.0,86.0,67.0,106.0,67.0,60.0,461.0
654,557,Dwebble,5,0,Bug,Rock,50.0,65.0,85.0,35.0,35.0,55.0,325.0
655,558,Crustle,5,0,Bug,Rock,70.0,105.0,125.0,65.0,75.0,45.0,485.0
656,559,Scraggy,5,0,Dark,Fighting,50.0,75.0,70.0,35.0,70.0,48.0,348.0
657,560,Scrafty,5,0,Dark,Fighting,65.0,90.0,115.0,45.0,115.0,58.0,488.0
658,561,Sigilyph,5,0,Psychic,Flying,72.0,58.0,80.0,103.0,80.0,97.0,490.0
659,562,Yamask,5,0,Ghost,,38.0,30.0,85.0,55.0,65.0,30.0,303.0
660,562,Galarian Yamask,5,0,Ground,Ghost,38.0,55.0,85.0,30.0,65.0,30.0,303.0
661,563,Cofagrigus,5,0,Ghost,,58.0,50.0,145.0,95.0,105.0,30.0,483.0
662,564,Tirtouga,5,0,Water,Rock,54.0,78.0,103.0,53.0,45.0,22.0,355.0
663,565,Carracosta,5,0,Water,Rock,74.0,108.0,133.0,83.0,65.0,32.0,495.0
664,566,Archen,5,0,Rock,Flying,55.0,112.0,45.0,74.0,45.0,70.0,401.0
665,567,Archeops,5,0,Rock,Flying,75.0,140.0,65.0,112.0,65.0,110.0,567.0
666,568,Trubbish,5,0,Poison,,50.0,50.0,62.0,40.0,62.0,65.0,329.0
667,569,Garbodor,5,0,Poison,,80.0,95.0,82.0,60.0,82.0,75.0,474.0
668,570,Zorua,5,0,Dark,,40.0,65.0,40.0,80.0,40.0,65.0,330.0
669,571,Zoroark,5,0,Dark,,60.0,105.0,60.0,120.0,60.0,105.0,510.0
670,572,Minccino,5,0,Normal,,55.0,50.0,40.0,40.0,40.0,75.0,300.0
671,573,Cinccino,5,0,Normal,,75.0,95.0,60.0,65.0,60.0,115.0,470.0
672,574,Gothita,5,0,Psychic,,45.0,30.0,50.0,55.0,65.0,45.0,290.0
673,575,Gothorita,5,0,Psychic,,60.0,45.0,70.0,75.0,85.0,55.0,390.0
674,576,Gothitelle,5,0,Psychic,,70.0,55.0,95.0,95.0,110.0,65.0,490.0
675,577,Solosis,5,0,Psychic,,45.0,30.0,40.0,105.0,50.0,20.0,290.0
676,578,Duosion,5,0,Psychic,,65.0,40.0,50.0,125.0,60.0,30.0,370.0
677,579,Reuniclus,5,0,Psychic,,110.0,65.0,75.0,125.0,85.0,30.0,490.0
678,580,Ducklett,5,0,Water,Flying,62.0,44.0,50.0,44.0,50.0,55.0,305.0
679,581,Swanna,5,0,Water,Flying,75.0,87.0,63.0,87.0,63.0,98.0,473.0
680,582,Vanillite,5,0,Ice,,36.0,50.0,50.0,65.0,60.0,44.0,305.0
681,583,Vanillish,5,0,Ice,,51.0,65.0,65.0,80.0,75.0,59.0,395.0
682,584,Vanilluxe,5,0,Ice,,71.0,95.0,85.0,110.0,95.0,79.0,535.0
683,585,Deerling,5,0,Normal,Grass,60.0,60.0,50.0,40.0,50.0,75.0,335.0
684,586,Sawsbuck,5,0,Normal,Grass,80.0,100.0,70.0,60.0,70.0,95.0,475.0
685,587,Emolga,5,0,Electric,Flying,55.0,75.0,60.0,75.0,60.0,103.0,428.0
686,588,Karrablast,5,0,Bug,,50.0,75.0,45.0,40.0,45.0,60.0,315.0
687,589,Escavalier,5,0,Bug,Steel,70.0,135.0,105.0,60.0,105.0,20.0,495.0
688,590,Foongus,5,0,Grass,Poison,69.0,55.0,45.0,55.0,55.0,15.0,294.0
689,591,Amoonguss,5,0,Grass,Poison,114.0,85.0,70.0,85.0,80.0,30.0,464.0
690,592,Frillish,5,0,Water,Ghost,55.0,40.0,50.0,65.0,85.0,40.0,335.0
691,593,Jellicent,5,0,Water,Ghost,100.0,60.0,70.0,85.0,105.0,60.0,480.0
692,594,Alomomola,5,0,Water,,165.0,75.0,80.0,40.0,45.0,65.0,470.0
693,595,Joltik,5,0,Bug,Electric,50.0,47.0,50.0,57.0,50.0,65.0,319.0
694,596,Galvantula,5,0,Bug,Electric,70.0,77.0,60.0,97.0,60.0,108.0,472.0
695,597,Ferroseed,5,0,Grass,Steel,44.0,50.0,91.0,24.0,86.0,10.0,305.0
696,598,Ferrothorn,5,0,Grass,Steel,74.0,94.0,131.0,54.0,116.0,20.0,489.0
697,599,Klink,5,0,Steel,,40.0,55.0,70.0,45.0,60.0,30.0,300.0
698,600,Klang,5,0,Steel,,60.0,80.0,95.0,70.0,85.0,50.0,440.0
699,601,Klinklang,5,0,Steel,,60.0,100.0,115.0,70.0,85.0,90.0,520.0
700,602,Tynamo,5,0,Electric,,35.0,55.0,40.0,45.0,40.0,60.0,275.0
701,603,Eelektrik,5,0,Electric,,65.0,85.0,70.0,75.0,70.0,40.0,405.0
702,604,Eelektross,5,0,Electric,,85.0,115.0,80.0,105.0,80.0,50.0,515.0
703,605,Elgyem,5,0,Psychic,,55.0,55.0,55.0,85.0,55.0,30.0,335.0
704,606,Beheeyem,5,0,Psychic,,75.0,75.0,75.0,125.0,95.0,40.0,485.0
705,607,Litwick,5,0,Ghost,Fire,50.0,30.0,55.0,65.0,55.0,20.0,275.0
706,608,Lampent,5,0,Ghost,Fire,60.0,40.0,60.0,95.0,60.0,55.0,370.0
707,609,Chandelure,5,0,Ghost,Fire,60.0,55.0,90.0,145.0,90.0,80.0,520.0
708,610,Axew,5,0,Dragon,,46.0,87.0,60.0,30.0,40.0,57.0,320.0
709,611,Fraxure,5,0,Dragon,,66.0,117.0,70.0,40.0,50.0,67.0,410.0
710,612,Haxorus,5,0,Dragon,,76.0,147.0,90.0,60.0,70.0,97.0,540.0
711,613,Cubchoo,5,0,Ice,,55.0,70.0,40.0,60.0,40.0,40.0,305.0
712,614,Beartic,5,0,Ice,,95.0,130.0,80.0,70.0,80.0,50.0,505.0
713,615,Cryogonal,5,0,Ice,,80.0,50.0,50.0,95.0,135.0,105.0,515.0
714,616,Shelmet,5,0,Bug,,50.0,40.0,85.0,40.0,65.0,25.0,305.0
715,617,Accelgor,5,0,Bug,,80.0,70.0,40.0,100.0,60.0,145.0,495.0
716,618,Stunfisk,5,0,Ground,Electric,109.0,66.0,84.0,81.0,99.0,32.0,471.0
717,618,Galarian Stunfisk,5,0,Ground,Steel,109.0,81.0,99.0,66.0,84.0,32.0,471.0
718,619,Mienfoo,5,0,Fighting,,45.0,85.0,50.0,55.0,50.0,65.0,350.0
719,620,Mienshao,5,0,Fighting,,65.0,125.0,60.0,95.0,60.0,105.0,510.0
720,621,Druddigon,5,0,Dragon,,77.0,120.0,90.0,60.0,90.0,48.0,485.0
721,622,Golett,5,0,Ground,Ghost,59.0,74.0,50.0,35.0,50.0,35.0,303.0
722,623,Golurk,5,0,Ground,Ghost,89.0,124.0,80.0,55.0,80.0,55.0,483.0
723,624,Pawniard,5,0,Dark,Steel,45.0,85.0,70.0,40.0,40.0,60.0,340.0
724,625,Bisharp,5,0,Dark,Steel,65.0,125.0,100.0,60.0,70.0,70.0,490.0
725,626,Bouffalant,5,0,Normal,,95.0,110.0,95.0,40.0,95.0,55.0,490.0
726,627,Rufflet,5,0,Normal,Flying,70.0,83.0,50.0,37.0,50.0,60.0,350.0
727,628,Braviary,5,0,Normal,Flying,100.0,123.0,75.0,57.0,75.0,80.0,510.0
728,629,Vullaby,5,0,Dark,Flying,70.0,55.0,75.0,45.0,65.0,60.0,370.0
729,630,Mandibuzz,5,0,Dark,Flying,110.0,65.0,105.0,55.0,95.0,80.0,510.0
730,631,Heatmor,5,0,Fire,,85.0,97.0,66.0,105.0,66.0,65.0,484.0
731,632,Durant,5,0,Bug,Steel,58.0,109.0,112.0,48.0,48.0,109.0,484.0
732,633,Deino,5,0,Dark,Dragon,52.0,65.0,50.0,45.0,50.0,38.0,300.0
733,634,Zweilous,5,0,Dark,Dragon,72.0,85.0,70.0,65.0,70.0,58.0,420.0
734,635,Hydreigon,5,0,Dark,Dragon,92.0,105.0,90.0,125.0,90.0,98.0,600.0
735,636,Larvesta,5,0,Bug,Fire,55.0,85.0,55.0,50.0,55.0,60.0,360.0
736,637,Volcarona,5,0,Bug,Fire,85.0,60.0,65.0,135.0,105.0,100.0,550.0
737,638,Cobalion,5,0,Steel,Fighting,91.0,90.0,129.0,90.0,72.0,108.0,580.0
738,639,Terrakion,5,0,Rock,Fighting,91.0,129.0,90.0,72.0,90.0,108.0,580.0
739,640,Virizion,5,0,Grass,Fighting,91.0,90.0,72.0,90.0,129.0,108.0,580.0
740,641,Tornadus Incarnate Forme,5,0,Flying,,79.0,115.0,70.0,125.0,80.0,111.0,580.0
741,641,Tornadus Therian Forme,5,0,Flying,,79.0,100.0,80.0,110.0,90.0,121.0,580.0
742,642,Thundurus Incarnate Forme,5,0,Electric,Flying,79.0,115.0,70.0,125.0,80.0,111.0,580.0
743,642,Thundurus Therian Forme,5,0,Electric,Flying,79.0,105.0,70.0,145.0,80.0,101.0,580.0
744,643,Reshiram,5,1,Dragon,Fire,100.0,120.0,100.0,150.0,120.0,90.0,680.0
745,644,Zekrom,5,1,Dragon,Electric,100.0,150.0,120.0,120.0,100.0,90.0,680.0
746,645,Landorus Incarnate Forme,5,0,Ground,Flying,89.0,125.0,90.0,115.0,80.0,101.0,600.0
747,645,Landorus Therian Forme,5,0,Ground,Flying,89.0,145.0,90.0,105.0,80.0,91.0,600.0
748,646,Kyurem,5,1,Dragon,Ice,125.0,130.0,90.0,130.0,90.0,95.0,660.0
749,646,Black Kyurem,5,1,Dragon,Ice,125.0,170.0,100.0,120.0,90.0,95.0,700.0
750,646,White Kyurem,5,1,Dragon,Ice,125.0,120.0,90.0,170.0,100.0,95.0,700.0
751,647,Keldeo Ordinary Forme,5,0,Water,Fighting,91.0,72.0,90.0,129.0,90.0,108.0,580.0
752,647,Keldeo Resolute Forme,5,0,Water,Fighting,91.0,72.0,90.0,129.0,90.0,108.0,580.0
753,648,Meloetta Aria Forme,5,0,Normal,Psychic,100.0,77.0,77.0,128.0,128.0,90.0,600.0
754,648,Meloetta Pirouette Forme,5,0,Normal,Fighting,100.0,128.0,90.0,77.0,77.0,128.0,600.0
755,649,Genesect,5,0,Bug,Steel,71.0,120.0,95.0,120.0,95.0,99.0,600.0
756,650,Chespin,6,0,Grass,,56.0,61.0,65.0,48.0,45.0,38.0,313.0
757,651,Quilladin,6,0,Grass,,61.0,78.0,95.0,56.0,58.0,57.0,405.0
758,652,Chesnaught,6,0,Grass,Fighting,88.0,107.0,122.0,74.0,75.0,64.0,530.0
759,653,Fennekin,6,0,Fire,,40.0,45.0,40.0,62.0,60.0,60.0,307.0
760,654,Braixen,6,0,Fire,,59.0,59.0,58.0,90.0,70.0,73.0,409.0
761,655,Delphox,6,0,Fire,Psychic,75.0,69.0,72.0,114.0,100.0,104.0,534.0
762,656,Froakie,6,0,Water,,41.0,56.0,40.0,62.0,44.0,71.0,314.0
763,657,Frogadier,6,0,Water,,54.0,63.0,52.0,83.0,56.0,97.0,405.0
764,658,Greninja,6,0,Water,Dark,72.0,95.0,67.0,103.0,71.0,122.0,530.0
765,658,Ash-Greninja,6,0,Water,Dark,72.0,145.0,67.0,153.0,71.0,132.0,640.0
766,659,Bunnelby,6,0,Normal,,38.0,36.0,38.0,32.0,36.0,57.0,237.0
767,660,Diggersby,6,0,Normal,Ground,85.0,56.0,77.0,50.0,77.0,78.0,423.0
768,661,Fletchling,6,0,Normal,Flying,45.0,50.0,43.0,40.0,38.0,62.0,278.0
769,662,Fletchinder,6,0,Fire,Flying,62.0,73.0,55.0,56.0,52.0,84.0,382.0
770,663,Talonflame,6,0,Fire,Flying,78.0,81.0,71.0,74.0,69.0,126.0,499.0
771,664,Scatterbug,6,0,Bug,,38.0,35.0,40.0,27.0,25.0,35.0,200.0
772,665,Spewpa,6,0,Bug,,45.0,22.0,60.0,27.0,30.0,29.0,213.0
773,666,Vivillon,6,0,Bug,Flying,80.0,52.0,50.0,90.0,50.0,89.0,411.0
774,667,Litleo,6,0,Fire,Normal,62.0,50.0,58.0,73.0,54.0,72.0,369.0
775,668,Pyroar,6,0,Fire,Normal,86.0,68.0,72.0,109.0,66.0,106.0,507.0
776,669,Flabébé,6,0,Fairy,,44.0,38.0,39.0,61.0,79.0,42.0,303.0
777,670,Floette,6,0,Fairy,,54.0,45.0,47.0,75.0,98.0,52.0,371.0
778,671,Florges,6,0,Fairy,,78.0,65.0,68.0,112.0,154.0,75.0,552.0
779,672,Skiddo,6,0,Grass,,66.0,65.0,48.0,62.0,57.0,52.0,350.0
780,673,Gogoat,6,0,Grass,,123.0,100.0,62.0,97.0,81.0,68.0,531.0
781,674,Pancham,6,0,Fighting,,67.0,82.0,62.0,46.0,48.0,43.0,348.0
782,675,Pangoro,6,0,Fighting,Dark,95.0,124.0,78.0,69.0,71.0,58.0,495.0
783,676,Furfrou,6,0,Normal,,75.0,80.0,60.0,65.0,90.0,102.0,472.0
784,677,Espurr,6,0,Psychic,,62.0,48.0,54.0,63.0,60.0,68.0,355.0
785,678,Meowstic Male,6,0,Psychic,,74.0,48.0,76.0,83.0,81.0,104.0,466.0
786,678,Meowstic Female,6,0,Psychic,,74.0,48.0,76.0,83.0,81.0,104.0,466.0
787,679,Honedge,6,0,Steel,Ghost,45.0,80.0,100.0,35.0,37.0,28.0,325.0
788,680,Doublade,6,0,Steel,Ghost,59.0,110.0,150.0,45.0,49.0,35.0,448.0
789,681,Aegislash Blade Forme,6,0,Steel,Ghost,60.0,150.0,50.0,150.0,50.0,60.0,520.0
790,681,Aegislash Shield Forme,6,0,Steel,Ghost,60.0,50.0,150.0,50.0,150.0,60.0,520.0
791,682,Spritzee,6,0,Fairy,,78.0,52.0,60.0,63.0,65.0,23.0,341.0
792,683,Aromatisse,6,0,Fairy,,101.0,72.0,72.0,99.0,89.0,29.0,462.0
793,684,Swirlix,6,0,Fairy,,62.0,48.0,66.0,59.0,57.0,49.0,341.0
794,685,Slurpuff,6,0,Fairy,,82.0,80.0,86.0,85.0,75.0,72.0,480.0
795,686,Inkay,6,0,Dark,Psychic,53.0,54.0,53.0,37.0,46.0,45.0,288.0
796,687,Malamar,6,0,Dark,Psychic,86.0,92.0,88.0,68.0,75.0,73.0,482.0
797,688,Binacle,6,0,Rock,Water,42.0,52.0,67.0,39.0,56.0,50.0,306.0
798,689,Barbaracle,6,0,Rock,Water,72.0,105.0,115.0,54.0,86.0,68.0,500.0
799,690,Skrelp,6,0,Poison,Water,50.0,60.0,60.0,60.0,60.0,30.0,320.0
800,691,Dragalge,6,0,Poison,Dragon,65.0,75.0,90.0,97.0,123.0,44.0,494.0
801,692,Clauncher,6,0,Water,,50.0,53.0,62.0,58.0,63.0,44.0,330.0
802,693,Clawitzer,6,0,Water,,71.0,73.0,88.0,120.0,89.0,59.0,500.0
803,694,Helioptile,6,0,Electric,Normal,44.0,38.0,33.0,61.0,43.0,70.0,289.0
804,695,Heliolisk,6,0,Electric,Normal,62.0,55.0,52.0,109.0,94.0,109.0,481.0
805,696,Tyrunt,6,0,Rock,Dragon,58.0,89.0,77.0,45.0,45.0,48.0,362.0
806,697,Tyrantrum,6,0,Rock,Dragon,82.0,121.0,119.0,69.0,59.0,71.0,521.0
807,698,Amaura,6,0,Rock,Ice,77.0,59.0,50.0,67.0,63.0,46.0,362.0
808,699,Aurorus,6,0,Rock,Ice,123.0,77.0,72.0,99.0,92.0,58.0,521.0
809,700,Sylveon,6,0,Fairy,,95.0,65.0,65.0,110.0,130.0,60.0,525.0
810,701,Hawlucha,6,0,Fighting,Flying,78.0,92.0,75.0,74.0,63.0,118.0,500.0
811,702,Dedenne,6,0,Electric,Fairy,67.0,58.0,57.0,81.0,67.0,101.0,431.0
812,703,Carbink,6,0,Rock,Fairy,50.0,50.0,150.0,50.0,150.0,50.0,500.0
813,704,Goomy,6,0,Dragon,,45.0,50.0,35.0,55.0,75.0,40.0,300.0
814,705,Sliggoo,6,0,Dragon,,68.0,75.0,53.0,83.0,113.0,60.0,452.0
815,706,Goodra,6,0,Dragon,,90.0,100.0,70.0,110.0,150.0,80.0,600.0
816,707,Klefki,6,0,Steel,Fairy,57.0,80.0,91.0,80.0,87.0,75.0,470.0
817,708,Phantump,6,0,Ghost,Grass,43.0,70.0,48.0,50.0,60.0,38.0,309.0
818,709,Trevenant,6,0,Ghost,Grass,85.0,110.0,76.0,65.0,82.0,56.0,474.0
819,710,Pumpkaboo Average Size,6,0,Ghost,Grass,49.0,66.0,70.0,44.0,55.0,51.0,335.0
820,710,Pumpkaboo Small Size,6,0,Ghost,Grass,44.0,66.0,70.0,44.0,55.0,56.0,335.0
821,710,Pumpkaboo Large Size,6,0,Ghost,Grass,54.0,66.0,70.0,44.0,55.0,46.0,335.0
822,710,Pumpkaboo Super Size,6,0,Ghost,Grass,59.0,66.0,70.0,44.0,55.0,41.0,335.0
823,711,Gourgeist Average Size,6,0,Ghost,Grass,65.0,90.0,122.0,58.0,75.0,84.0,494.0
824,711,Gourgeist Small Size,6,0,Ghost,Grass,55.0,85.0,122.0,58.0,75.0,99.0,494.0
825,711,Gourgeist Large Size,6,0,Ghost,Grass,75.0,95.0,122.0,58.0,75.0,69.0,494.0
826,711,Gourgeist Super Size,6,0,Ghost,Grass,85.0,100.0,122.0,58.0,75.0,54.0,494.0
827,712,Bergmite,6,0,Ice,,55.0,69.0,85.0,32.0,35.0,28.0,304.0
828,713,Avalugg,6,0,Ice,,95.0,117.0,184.0,44.0,46.0,28.0,514.0
829,714,Noibat,6,0,Flying,Dragon,40.0,30.0,35.0,45.0,40.0,55.0,245.0
830,715,Noivern,6,0,Flying,Dragon,85.0,70.0,80.0,97.0,80.0,123.0,535.0
831,716,Xerneas,6,1,Fairy,,126.0,131.0,95.0,131.0,98.0,99.0,680.0
832,717,Yveltal,6,1,Dark,Flying,126.0,131.0,95.0,131.0,98.0,99.0,680.0
833,718,Zygarde 50% Forme,6,1,Dragon,Ground,108.0,100.0,121.0,81.0,95.0,95.0,600.0
834,718,Zygarde 10% Forme,6,1,Dragon,Ground,54.0,100.0,71.0,61.0,85.0,115.0,486.0
835,718,Zygarde Complete Forme,6,1,Dragon,Ground,216.0,100.0,121.0,91.0,95.0,85.0,708.0
836,719,Diancie,6,0,Rock,Fairy,50.0,100.0,150.0,100.0,150.0,50.0,600.0
837,719,Mega Diancie,6,0,Rock,Fairy,50.0,160.0,110.0,160.0,110.0,110.0,700.0
838,720,Hoopa Hoopa Confined,6,0,Psychic,Ghost,80.0,110.0,60.0,150.0,130.0,70.0,600.0
839,720,Hoopa Hoopa Unbound,6,0,Psychic,Dark,80.0,160.0,60.0,170.0,130.0,80.0,680.0
840,721,Volcanion,6,0,Fire,Water,80.0,110.0,120.0,130.0,90.0,70.0,600.0
841,722,Rowlet,7,0,Grass,Flying,68.0,55.0,55.0,50.0,50.0,42.0,320.0
842,723,Dartrix,7,0,Grass,Flying,78.0,75.0,75.0,70.0,70.0,52.0,420.0
843,724,Decidueye,7,0,Grass,Ghost,78.0,107.0,75.0,100.0,100.0,70.0,530.0
844,725,Litten,7,0,Fire,,45.0,65.0,40.0,60.0,40.0,70.0,320.0
845,726,Torracat,7,0,Fire,,65.0,85.0,50.0,80.0,50.0,90.0,420.0
846,727,Incineroar,7,0,Fire,Dark,95.0,115.0,90.0,80.0,90.0,60.0,530.0
847,728,Popplio,7,0,Water,,50.0,54.0,54.0,66.0,56.0,40.0,320.0
848,729,Brionne,7,0,Water,,60.0,69.0,69.0,91.0,81.0,50.0,420.0
849,730,Primarina,7,0,Water,Fairy,80.0,74.0,74.0,126.0,116.0,60.0,530.0
850,731,Pikipek,7,0,Normal,Flying,35.0,75.0,30.0,30.0,30.0,65.0,265.0
851,732,Trumbeak,7,0,Normal,Flying,55.0,85.0,50.0,40.0,50.0,75.0,355.0
852,733,Toucannon,7,0,Normal,Flying,80.0,120.0,75.0,75.0,75.0,60.0,485.0
853,734,Yungoos,7,0,Normal,,48.0,70.0,30.0,30.0,30.0,45.0,253.0
854,735,Gumshoos,7,0,Normal,,88.0,110.0,60.0,55.0,60.0,45.0,418.0
855,736,Grubbin,7,0,Bug,,47.0,62.0,45.0,55.0,45.0,46.0,300.0
856,737,Charjabug,7,0,Bug,Electric,57.0,82.0,95.0,55.0,75.0,36.0,400.0
857,738,Vikavolt,7,0,Bug,Electric,77.0,70.0,90.0,145.0,75.0,43.0,500.0
858,739,Crabrawler,7,0,Fighting,,47.0,82.0,57.0,42.0,47.0,63.0,338.0
859,740,Crabominable,7,0,Fighting,Ice,97.0,132.0,77.0,62.0,67.0,43.0,478.0
860,741,Oricorio Baile Style,7,0,Fire,Flying,75.0,70.0,70.0,98.0,70.0,93.0,476.0
861,741,Oricorio Pom-Pom Style,7,0,Electric,Flying,75.0,70.0,70.0,98.0,70.0,93.0,476.0
862,741,Oricorio Pa'u Style,7,0,Psychic,Flying,75.0,70.0,70.0,98.0,70.0,93.0,476.0
863,741,Oricorio Sensu Style,7,0,Ghost,Flying,75.0,70.0,70.0,98.0,70.0,93.0,476.0
864,742,Cutiefly,7,0,Bug,Fairy,40.0,45.0,40.0,55.0,40.0,84.0,304.0
865,743,Ribombee,7,0,Bug,Fairy,60.0,55.0,60.0,95.0,70.0,124.0,464.0
866,744,Rockruff,7,0,Rock,,45.0,65.0,40.0,30.0,40.0,60.0,280.0
867,744,Own Tempo Rockruff,7,0,Rock,,45.0,65.0,40.0,30.0,40.0,60.0,280.0
868,745,Lycanroc Midday Form,7,0,Rock,,75.0,115.0,65.0,55.0,65.0,112.0,487.0
869,745,Lycanroc Midnight Form,7,0,Rock,,85.0,115.0,75.0,55.0,75.0,82.0,487.0
870,745,Lycanroc Dusk Form,7,0,Rock,,75.0,117.0,65.0,55.0,65.0,110.0,487.0
871,746,Wishiwashi Solo Form,7,0,Water,,45.0,20.0,20.0,25.0,25.0,40.0,175.0
872,746,Wishiwashi School Form,7,0,Water,,45.0,140.0,130.0,140.0,135.0,30.0,620.0
873,747,Mareanie,7,0,Poison,Water,50.0,53.0,62.0,43.0,52.0,45.0,305.0
874,748,Toxapex,7,0,Poison,Water,50.0,63.0,152.0,53.0,142.0,35.0,495.0
875,749,Mudbray,7,0,Ground,,70.0,100.0,70.0,45.0,55.0,45.0,385.0
876,750,Mudsdale,7,0,Ground,,100.0,125.0,100.0,55.0,85.0,35.0,500.0
877,751,Dewpider,7,0,Water,Bug,38.0,40.0,52.0,40.0,72.0,27.0,269.0
878,752,Araquanid,7,0,Water,Bug,68.0,70.0,92.0,50.0,132.0,42.0,454.0
879,753,Fomantis,7,0,Grass,,40.0,55.0,35.0,50.0,35.0,35.0,250.0
880,754,Lurantis,7,0,Grass,,70.0,105.0,90.0,80.0,90.0,45.0,480.0
881,755,Morelull,7,0,Grass,Fairy,40.0,35.0,55.0,65.0,75.0,15.0,285.0
882,756,Shiinotic,7,0,Grass,Fairy,60.0,45.0,80.0,90.0,100.0,30.0,405.0
883,757,Salandit,7,0,Poison,Fire,48.0,44.0,40.0,71.0,40.0,77.0,320.0
884,758,Salazzle,7,0,Poison,Fire,68.0,64.0,60.0,111.0,60.0,117.0,480.0
885,759,Stufful,7,0,Normal,Fighting,70.0,75.0,50.0,45.0,50.0,50.0,340.0
886,760,Bewear,7,0,Normal,Fighting,120.0,125.0,80.0,55.0,60.0,60.0,500.0
887,761,Bounsweet,7,0,Grass,,42.0,30.0,38.0,30.0,38.0,32.0,210.0
888,762,Steenee,7,0,Grass,,52.0,40.0,48.0,40.0,48.0,62.0,290.0
889,763,Tsareena,7,0,Grass,,72.0,120.0,98.0,50.0,98.0,72.0,510.0
890,764,Comfey,7,0,Fairy,,51.0,52.0,90.0,82.0,110.0,100.0,485.0
891,765,Oranguru,7,0,Normal,Psychic,90.0,60.0,80.0,90.0,110.0,60.0,490.0
892,766,Passimian,7,0,Fighting,,100.0,120.0,90.0,40.0,60.0,80.0,490.0
893,767,Wimpod,7,0,Bug,Water,25.0,35.0,40.0,20.0,30.0,80.0,230.0
894,768,Golisopod,7,0,Bug,Water,75.0,125.0,140.0,60.0,90.0,40.0,530.0
895,769,Sandygast,7,0,Ghost,Ground,55.0,55.0,80.0,70.0,45.0,15.0,320.0
896,770,Palossand,7,0,Ghost,Ground,85.0,75.0,110.0,100.0,75.0,35.0,480.0
897,771,Pyukumuku,7,0,Water,,55.0,60.0,130.0,30.0,130.0,5.0,410.0
898,772,Type: Null,7,0,Normal,,95.0,95.0,95.0,95.0,95.0,59.0,534.0
899,773,Silvally,7,0,Normal,,95.0,95.0,95.0,95.0,95.0,95.0,570.0
900,774,Minior Meteor Form,7,0,Rock,Flying,60.0,60.0,100.0,60.0,100.0,60.0,440.0
901,774,Minior Core Form,7,0,Rock,Flying,60.0,100.0,60.0,100.0,60.0,120.0,500.0
902,775,Komala,7,0,Normal,,65.0,115.0,65.0,75.0,95.0,65.0,480.0
903,776,Turtonator,7,0,Fire,Dragon,60.0,78.0,135.0,91.0,85.0,36.0,485.0
904,777,Togedemaru,7,0,Electric,Steel,65.0,98.0,63.0,40.0,73.0,96.0,435.0
905,778,Mimikyu,7,0,Ghost,Fairy,55.0,90.0,80.0,50.0,105.0,96.0,476.0
906,779,Bruxish,7,0,Water,Psychic,68.0,105.0,70.0,70.0,70.0,92.0,475.0
907,780,Drampa,7,0,Normal,Dragon,78.0,60.0,85.0,135.0,91.0,36.0,485.0
908,781,Dhelmise,7,0,Ghost,Grass,70.0,131.0,100.0,86.0,90.0,40.0,517.0
909,782,Jangmo-o,7,0,Dragon,,45.0,55.0,65.0,45.0,45.0,45.0,300.0
910,783,Hakamo-o,7,0,Dragon,Fighting,55.0,75.0,90.0,65.0,70.0,65.0,420.0
911,784,Kommo-o,7,0,Dragon,Fighting,75.0,110.0,125.0,100.0,105.0,85.0,600.0
912,785,Tapu Koko,7,0,Electric,Fairy,70.0,115.0,85.0,95.0,75.0,130.0,570.0
913,786,Tapu Lele,7,0,Psychic,Fairy,70.0,85.0,75.0,130.0,115.0,95.0,570.0
914,787,Tapu Bulu,7,0,Grass,Fairy,70.0,130.0,115.0,85.0,95.0,75.0,570.0
915,788,Tapu Fini,7,0,Water,Fairy,70.0,75.0,115.0,95.0,130.0,85.0,570.0
916,789,Cosmog,7,1,Psychic,,43.0,29.0,31.0,29.0,31.0,37.0,200.0
917,790,Cosmoem,7,1,Psychic,,43.0,29.0,131.0,29.0,131.0,37.0,400.0
918,791,Solgaleo,7,1,Psychic,Steel,137.0,137.0,107.0,113.0,89.0,97.0,680.0
919,792,Lunala,7,1,Psychic,Ghost,137.0,113.0,89.0,137.0,107.0,97.0,680.0
920,793,Nihilego,7,0,Rock,Poison,109.0,53.0,47.0,127.0,131.0,103.0,570.0
921,794,Buzzwole,7,0,Bug,Fighting,107.0,139.0,139.0,53.0,53.0,79.0,570.0
922,795,Pheromosa,7,0,Bug,Fighting,71.0,137.0,37.0,137.0,37.0,151.0,570.0
923,796,Xurkitree,7,0,Electric,,83.0,89.0,71.0,173.0,71.0,83.0,570.0
924,797,Celesteela,7,0,Steel,Flying,97.0,101.0,103.0,107.0,101.0,61.0,570.0
925,798,Kartana,7,0,Grass,Steel,59.0,181.0,131.0,59.0,31.0,109.0,570.0
926,799,Guzzlord,7,0,Dark,Dragon,223.0,101.0,53.0,97.0,53.0,43.0,570.0
927,800,Necrozma,7,1,Psychic,,97.0,107.0,101.0,127.0,89.0,79.0,600.0
928,800,Dusk Mane Necrozma,7,1,Psychic,Steel,97.0,157.0,127.0,113.0,109.0,77.0,680.0
929,800,Dawn Wings Necrozma,7,1,Psychic,Ghost,97.0,113.0,109.0,157.0,127.0,77.0,680.0
930,800,Ultra Necrozma,7,1,Psychic,Dragon,97.0,167.0,97.0,167.0,97.0,129.0,754.0
931,801,Magearna,7,0,Steel,Fairy,80.0,95.0,115.0,130.0,115.0,65.0,600.0
932,802,Marshadow,7,0,Fighting,Ghost,90.0,125.0,80.0,90.0,90.0,125.0,600.0
933,803,Poipole,7,0,Poison,,67.0,73.0,67.0,73.0,67.0,73.0,420.0
934,804,Naganadel,7,0,Poison,Dragon,73.0,73.0,73.0,127.0,73.0,121.0,540.0
935,805,Stakataka,7,0,Rock,Steel,61.0,131.0,211.0,53.0,101.0,13.0,570.0
936,806,Blacephalon,7,0,Fire,Ghost,53.0,127.0,53.0,151.0,79.0,107.0,570.0
937,807,Zeraora,7,0,Electric,,88.0,112.0,75.0,102.0,80.0,143.0,600.0
938,808,Meltan,7,0,Steel,,46.0,65.0,65.0,55.0,35.0,34.0,300.0
939,809,Melmetal,7,0,Steel,,135.0,143.0,143.0,80.0,65.0,34.0,600.0
940,810,Grookey,8,0,Grass,,50.0,65.0,50.0,40.0,40.0,65.0,310.0
941,811,Thwackey,8,0,Grass,,70.0,85.0,70.0,55.0,60.0,80.0,420.0
942,812,Rillaboom,8,0,Grass,,100.0,125.0,90.0,60.0,70.0,85.0,530.0
943,813,Scorbunny,8,0,Fire,,50.0,71.0,40.0,40.0,40.0,69.0,310.0
944,814,Raboot,8,0,Fire,,65.0,86.0,60.0,55.0,60.0,94.0,420.0
945,815,Cinderace,8,0,Fire,,80.0,116.0,75.0,65.0,75.0,119.0,530.0
946,816,Sobble,8,0,Water,,50.0,40.0,40.0,70.0,40.0,70.0,310.0
947,817,Drizzile,8,0,Water,,65.0,60.0,55.0,95.0,55.0,90.0,420.0
948,818,Inteleon,8,0,Water,,70.0,85.0,65.0,125.0,65.0,120.0,530.0
949,819,Skwovet,8,0,Normal,,70.0,55.0,55.0,35.0,35.0,25.0,275.0
950,820,Greedent,8,0,Normal,,120.0,95.0,95.0,55.0,75.0,20.0,460.0
951,821,Rookidee,8,0,Flying,,38.0,47.0,35.0,33.0,35.0,57.0,245.0
952,822,Corvisquire,8,0,Flying,,68.0,67.0,55.0,43.0,55.0,77.0,365.0
953,823,Corviknight,8,0,Flying,Steel,98.0,87.0,105.0,53.0,85.0,67.0,495.0
954,824,Blipbug,8,0,Bug,,25.0,20.0,20.0,25.0,45.0,45.0,180.0
955,825,Dottler,8,0,Bug,Psychic,50.0,35.0,80.0,50.0,90.0,30.0,335.0
956,826,Orbeetle,8,0,Bug,Psychic,60.0,45.0,110.0,80.0,120.0,90.0,505.0
957,827,Nickit,8,0,Dark,,40.0,28.0,28.0,47.0,52.0,50.0,245.0
958,828,Thievul,8,0,Dark,,70.0,58.0,58.0,87.0,92.0,90.0,455.0
959,829,Gossifleur,8,0,Grass,,40.0,40.0,60.0,40.0,60.0,10.0,250.0
960,830,Eldegoss,8,0,Grass,,60.0,50.0,90.0,80.0,120.0,60.0,460.0
961,831,Wooloo,8,0,Normal,,42.0,40.0,55.0,40.0,45.0,48.0,270.0
962,832,Dubwool,8,0,Normal,,72.0,80.0,100.0,60.0,90.0,88.0,490.0
963,833,Chewtle,8,0,Water,,50.0,64.0,50.0,38.0,38.0,44.0,284.0
964,834,Drednaw,8,0,Water,Rock,90.0,115.0,90.0,48.0,68.0,74.0,485.0
965,835,Yamper,8,0,Electric,,59.0,45.0,50.0,40.0,50.0,26.0,270.0
966,836,Boltund,8,0,Electric,,69.0,90.0,60.0,90.0,60.0,121.0,490.0
967,837,Rolycoly,8,0,Rock,,30.0,40.0,50.0,40.0,50.0,30.0,240.0
968,838,Carkol,8,0,Rock,Fire,80.0,60.0,90.0,60.0,70.0,50.0,410.0
969,839,Coalossal,8,0,Rock,Fire,110.0,80.0,120.0,80.0,90.0,30.0,510.0
970,840,Applin,8,0,Grass,Dragon,40.0,40.0,80.0,40.0,40.0,20.0,260.0
971,841,Flapple,8,0,Grass,Dragon,70.0,110.0,80.0,95.0,60.0,70.0,485.0
972,842,Appletun,8,0,Grass,Dragon,110.0,85.0,80.0,100.0,80.0,30.0,485.0
973,843,Silicobra,8,0,Ground,,52.0,57.0,75.0,35.0,50.0,46.0,315.0
974,844,Sandaconda,8,0,Ground,,72.0,107.0,125.0,65.0,70.0,71.0,510.0
975,845,Cramorant,8,0,Flying,Water,70.0,85.0,55.0,85.0,95.0,85.0,475.0
976,846,Arrokuda,8,0,Water,,41.0,63.0,40.0,40.0,30.0,66.0,280.0
977,847,Barraskewda,8,0,Water,,61.0,123.0,60.0,60.0,50.0,136.0,490.0
978,848,Toxel,8,0,Electric,Poison,40.0,38.0,35.0,54.0,35.0,40.0,242.0
979,849,Toxtricity Low Key Form,8,0,Electric,Poison,75.0,98.0,70.0,114.0,70.0,75.0,502.0
980,849,Toxtricity Amped Form,8,0,Electric,Poison,75.0,98.0,70.0,114.0,70.0,75.0,502.0
981,850,Sizzlipede,8,0,Fire,Bug,50.0,65.0,45.0,50.0,50.0,45.0,305.0
982,851,Centiskorch,8,0,Fire,Bug,100.0,115.0,65.0,90.0,90.0,65.0,525.0
983,852,Clobbopus,8,0,Fighting,,50.0,68.0,60.0,50.0,50.0,32.0,310.0
984,853,Grapploct,8,0,Fighting,,80.0,118.0,90.0,70.0,80.0,42.0,480.0
985,854,Sinistea,8,0,Ghost,,40.0,45.0,45.0,74.0,54.0,50.0,308.0
986,855,Polteageist,8,0,Ghost,,60.0,65.0,65.0,134.0,114.0,70.0,508.0
987,856,Hatenna,8,0,Psychic,,42.0,30.0,45.0,56.0,53.0,39.0,265.0
988,857,Hattrem,8,0,Psychic,,57.0,40.0,65.0,86.0,73.0,49.0,370.0
989,858,Hatterene,8,0,Psychic,Fairy,57.0,90.0,95.0,136.0,103.0,29.0,510.0
990,859,Impidimp,8,0,Dark,Fairy,45.0,45.0,30.0,55.0,40.0,50.0,265.0
991,860,Morgrem,8,0,Dark,Fairy,65.0,60.0,45.0,75.0,55.0,70.0,370.0
992,861,Grimmsnarl,8,0,Dark,Fairy,95.0,120.0,65.0,95.0,75.0,60.0,510.0
993,862,Obstagoon,8,0,Dark,Normal,93.0,90.0,101.0,60.0,81.0,95.0,520.0
994,863,Perrserker,8,0,Steel,,70.0,110.0,100.0,50.0,60.0,50.0,440.0
995,864,Cursola,8,0,Ghost,,60.0,95.0,50.0,145.0,130.0,30.0,510.0
996,865,Sirfetch'd,8,0,Fighting,,62.0,135.0,95.0,68.0,82.0,65.0,507.0
997,866,Mr. Rime,8,0,Psychic,Ice,80.0,85.0,75.0,110.0,100.0,70.0,520.0
998,867,Runerigus,8,0,Ground,Ghost,58.0,95.0,145.0,50.0,105.0,30.0,483.0
999,868,Milcery,8,0,Fairy,,45.0,40.0,40.0,50.0,61.0,34.0,270.0
1000,869,Alcremie,8,0,Fairy,,65.0,60.0,75.0,110.0,121.0,64.0,495.0
1001,870,Falinks,8,0,Fighting,,65.0,100.0,100.0,70.0,60.0,75.0,470.0
1002,871,Pincurchin,8,0,Electric,,48.0,101.0,95.0,91.0,85.0,15.0,435.0
1003,872,Snom,8,0,Ice,Bug,30.0,25.0,35.0,45.0,30.0,20.0,185.0
1004,873,Frosmoth,8,0,Ice,Bug,70.0,65.0,60.0,125.0,90.0,65.0,475.0
1005,874,Stonjourner,8,0,Rock,,100.0,125.0,135.0,20.0,20.0,70.0,470.0
1006,875,Eiscue Ice Face,8,0,Ice,,75.0,80.0,110.0,65.0,90.0,50.0,470.0
1007,875,Eiscue Noice Face,8,0,Ice,,75.0,80.0,70.0,65.0,50.0,130.0,470.0
1008,876,Indeedee Male,8,0,Psychic,Normal,60.0,65.0,55.0,105.0,95.0,95.0,475.0
1009,876,Indeedee Female,8,0,Psychic,Normal,70.0,55.0,65.0,95.0,105.0,85.0,475.0
1010,877,Morpeko Full Belly Mode,8,0,Electric,Dark,58.0,95.0,58.0,70.0,58.0,97.0,436.0
1011,877,Morpeko Hangry Mode,8,0,Electric,Dark,58.0,95.0,58.0,70.0,58.0,97.0,436.0
1012,878,Cufant,8,0,Steel,,72.0,80.0,49.0,40.0,49.0,40.0,330.0
1013,879,Copperajah,8,0,Steel,,122.0,130.0,69.0,80.0,69.0,30.0,500.0
1014,880,Dracozolt,8,0,Electric,Dragon,90.0,100.0,90.0,80.0,70.0,75.0,505.0
1015,881,Arctozolt,8,0,Electric,Ice,90.0,100.0,90.0,90.0,80.0,55.0,505.0
1016,882,Dracovish,8,0,Water,Dragon,90.0,90.0,100.0,70.0,80.0,75.0,505.0
1017,883,Arctovish,8,0,Water,Ice,90.0,90.0,100.0,80.0,90.0,55.0,505.0
1018,884,Duraludon,8,0,Steel,Dragon,70.0,95.0,115.0,120.0,50.0,85.0,535.0
1019,885,Dreepy,8,0,Dragon,Ghost,28.0,60.0,30.0,40.0,30.0,82.0,270.0
1020,886,Drakloak,8,0,Dragon,Ghost,68.0,80.0,50.0,60.0,50.0,102.0,410.0
1021,887,Dragapult,8,0,Dragon,Ghost,88.0,120.0,75.0,100.0,75.0,142.0,600.0
1022,888,Zacian Crowned Sword,8,1,Fairy,Steel,92.0,170.0,115.0,80.0,115.0,148.0,720.0
1023,888,Zacian Hero of Many Battles,8,1,Fairy,,92.0,130.0,115.0,80.0,115.0,138.0,670.0
1024,889,Zamazenta Crowned Shield,8,1,Fighting,Steel,92.0,130.0,145.0,80.0,145.0,128.0,720.0
1025,889,Zamazenta Hero of Many Battles,8,1,Fighting,,92.0,130.0,115.0,80.0,115.0,138.0,670.0
1026,890,Eternatus,8,1,Poison,Dragon,140.0,85.0,95.0,145.0,95.0,130.0,690.0
1027,890,Eternatus Eternamax,8,1,Poison,Dragon,255.0,115.0,250.0,125.0,250.0,130.0,1125.0
